card_id,fee_type,fee_date,fee_amount
C1_f19b,Annual Fee,2024-12-07,31.82
C1_f19b,Annual Fee,2025-01-16,6.45
C2_b9f9,Annual Fee,2023-10-05,39.87
C2_b9f9,Overlimit Fee,2024-12-17,9.66
C3_ab1e,Overlimit Fee,2024-04-02,26.0
C3_ab1e,Overlimit Fee,2024-06-25,15.24
C4_298e,Overlimit Fee,2024-01-19,23.83
C4_298e,Annual Fee,2024-11-27,49.93
C5_8a1d,Annual Fee,2025-01-15,5.12
C5_8a1d,Late Fee,2025-06-09,18.61
C6_5a79,Late Fee,2024-06-29,7.41
C6_5a79,Annual Fee,2024-04-13,11.73
C6_5a79,Annual Fee,2024-09-13,37.13
C7_0649,Annual Fee,2024-12-30,31.48
C7_0649,Overlimit Fee,2024-04-25,29.3
C8_f20e,Annual Fee,2024-07-12,46.62
C8_f20e,Annual Fee,2025-01-12,17.29
C10_4fdc,Annual Fee,2025-03-03,29.39
C11_fc9e,Overlimit Fee,2024-05-08,48.16
C12_e413,Annual Fee,2024-09-15,42.08
C14_ebe7,Late Fee,2023-09-20,39.79
C15_2bdb,Annual Fee,2025-06-10,44.7
C15_2bdb,Annual Fee,2023-09-24,48.4
C16_de6d,Late Fee,2024-04-23,13.01
C16_de6d,Annual Fee,2023-11-06,31.19
C17_25ee,Annual Fee,2025-03-07,18.11
C18_d408,Annual Fee,2024-11-10,49.41
C18_d408,Overlimit Fee,2023-08-08,19.54
C18_d408,Overlimit Fee,2023-12-18,9.43
C19_f4e1,Annual Fee,2024-07-06,33.5
C20_af04,Overlimit Fee,2024-04-09,24.56
C22_b5c9,Late Fee,2024-05-09,39.72
C23_40a2,Late Fee,2025-02-11,10.87
C24_6063,Annual Fee,2023-08-31,14.63
C24_6063,Late Fee,2024-11-04,14.67
C26_abf0,Late Fee,2024-07-10,33.26
C27_5b16,Late Fee,2024-12-01,43.77
C28_566f,Annual Fee,2024-05-01,46.4
C29_6480,Overlimit Fee,2024-12-04,12.47
C29_6480,Late Fee,2025-01-12,9.23
C31_c5dd,Annual Fee,2024-12-22,43.07
C32_ef20,Overlimit Fee,2024-10-07,12.9
C32_ef20,Overlimit Fee,2024-10-28,21.92
C32_ef20,Late Fee,2024-08-06,28.34
C34_054b,Annual Fee,2025-04-13,29.74
C34_054b,Annual Fee,2024-03-05,28.38
C34_054b,Late Fee,2024-06-28,24.29
C35_4a2e,Overlimit Fee,2023-11-15,12.33
C36_571c,Annual Fee,2023-12-21,46.37
C37_4029,Overlimit Fee,2024-02-15,14.33
C37_4029,Annual Fee,2025-02-21,10.54
C38_5456,Late Fee,2023-12-31,8.17
C38_5456,Late Fee,2025-01-27,40.98
C38_5456,Annual Fee,2024-12-05,35.65
C39_8864,Late Fee,2025-01-31,48.84
C40_e642,Annual Fee,2023-08-05,15.26
C41_d1f0,Overlimit Fee,2024-11-04,26.92
C42_909b,Overlimit Fee,2024-03-22,38.23
C43_4a8b,Overlimit Fee,2024-08-05,5.38
C43_6756,Late Fee,2024-01-20,41.58
C43_6756,Annual Fee,2023-09-14,11.36
C44_2037,Annual Fee,2025-05-20,19.89
C44_2037,Late Fee,2025-03-29,26.61
C44_2037,Late Fee,2024-01-22,16.85
C45_b8bc,Annual Fee,2024-05-14,10.54
C45_b8bc,Annual Fee,2024-04-01,18.25
C45_b8bc,Overlimit Fee,2023-08-13,5.48
C45_d181,Late Fee,2024-05-13,11.57
C46_11fb,Late Fee,2024-12-30,36.11
C47_f325,Late Fee,2024-05-27,7.55
C47_f325,Overlimit Fee,2024-11-23,34.03
C47_a8ab,Annual Fee,2023-10-29,15.99
C47_a8ab,Annual Fee,2025-05-24,28.52
C47_a8ab,Annual Fee,2023-09-19,27.7
C47_a8ab,Late Fee,2024-07-05,28.72
C48_8101,Annual Fee,2025-05-19,30.15
C48_8101,Annual Fee,2023-08-03,39.39
C48_6f44,Late Fee,2025-01-07,25.27
C48_6f44,Late Fee,2023-11-06,15.95
C48_6f44,Late Fee,2025-04-12,12.48
C49_6dbf,Late Fee,2024-12-13,5.66
C50_86fa,Late Fee,2024-04-16,15.36
C50_86fa,Late Fee,2024-05-01,28.82
C52_0184,Overlimit Fee,2024-07-09,48.36
C52_0184,Overlimit Fee,2025-03-14,35.02
C52_0184,Annual Fee,2023-10-07,25.04
C53_b38e,Annual Fee,2025-04-11,27.26
C53_b38e,Overlimit Fee,2024-09-20,22.8
C56_8772,Late Fee,2025-01-09,26.95
C56_5abe,Overlimit Fee,2025-05-16,49.77
C56_5abe,Annual Fee,2025-01-14,13.17
C56_5abe,Late Fee,2024-02-14,42.57
C57_3fcb,Overlimit Fee,2024-04-07,18.8
C57_3fcb,Late Fee,2023-09-14,9.75
C58_2f65,Late Fee,2024-04-11,41.49
C58_2f65,Annual Fee,2025-01-23,33.26
C59_3c9a,Overlimit Fee,2023-08-27,45.23
C59_3c9a,Overlimit Fee,2024-04-13,9.27
C59_3c9a,Annual Fee,2025-02-21,28.7
C60_ce8c,Late Fee,2024-10-13,27.77
C61_70c4,Late Fee,2024-08-24,32.5
C61_70c4,Annual Fee,2025-05-13,10.38
C61_70c4,Annual Fee,2025-02-19,8.3
C61_70c4,Late Fee,2024-12-29,29.99
C62_650d,Late Fee,2023-10-31,48.23
C63_c1fa,Annual Fee,2023-07-10,41.8
C64_4e98,Overlimit Fee,2024-01-04,49.62
C64_4024,Late Fee,2024-01-07,39.1
C64_4024,Annual Fee,2024-03-19,45.19
C64_4024,Overlimit Fee,2023-09-26,42.79
C64_4024,Late Fee,2025-03-30,26.35
C64_4024,Annual Fee,2024-07-10,19.56
C65_6f84,Annual Fee,2023-12-15,6.76
C66_09d5,Late Fee,2024-03-25,40.02
C66_09d5,Late Fee,2024-04-28,6.02
C67_919c,Overlimit Fee,2025-06-21,16.47
C67_919c,Late Fee,2023-08-31,24.6
C68_53ff,Annual Fee,2024-04-30,43.6
C68_53ff,Annual Fee,2025-06-03,25.85
C69_858d,Late Fee,2023-09-03,41.41
C69_858d,Overlimit Fee,2024-07-02,37.41
C70_30d6,Overlimit Fee,2023-08-05,38.64
C70_30d6,Annual Fee,2023-08-18,40.87
C71_0b09,Annual Fee,2025-01-29,10.44
C71_0b09,Late Fee,2025-02-04,45.7
C72_f45a,Overlimit Fee,2023-07-22,38.73
C72_f45a,Overlimit Fee,2024-03-06,43.58
C74_987d,Overlimit Fee,2023-11-28,26.54
C75_224a,Late Fee,2025-03-17,10.36
C75_224a,Late Fee,2024-03-02,48.92
C75_224a,Late Fee,2025-02-25,40.17
C75_224a,Late Fee,2023-12-30,12.09
C76_c399,Annual Fee,2025-02-28,11.9
C76_c399,Annual Fee,2024-05-28,20.36
C78_a197,Overlimit Fee,2024-08-01,29.74
C78_ccd6,Overlimit Fee,2023-12-06,39.79
C79_8f4e,Late Fee,2025-03-14,42.15
C80_ccd9,Overlimit Fee,2024-05-02,36.94
C81_40fe,Late Fee,2023-08-30,44.86
C81_ffa0,Late Fee,2025-05-13,40.59
C81_ffa0,Overlimit Fee,2024-11-15,6.08
C82_8d7f,Annual Fee,2024-02-06,43.4
C82_2d4d,Overlimit Fee,2024-06-08,13.67
C82_2d4d,Overlimit Fee,2023-10-08,44.45
C82_2d4d,Overlimit Fee,2024-09-10,29.11
C83_50ea,Annual Fee,2025-01-25,28.47
C84_74e0,Overlimit Fee,2023-09-30,46.83
C85_28cd,Overlimit Fee,2025-05-21,8.1
C85_28cd,Late Fee,2024-04-02,21.84
C86_79fa,Late Fee,2024-10-10,12.12
C86_79fa,Late Fee,2024-12-31,42.58
C86_d212,Overlimit Fee,2025-05-07,10.77
C86_d212,Late Fee,2025-06-08,49.3
C86_d212,Overlimit Fee,2024-10-28,8.8
C87_c65d,Late Fee,2023-12-01,9.78
C87_c65d,Overlimit Fee,2025-06-18,8.19
C87_c65d,Late Fee,2024-02-09,32.47
C89_60c8,Annual Fee,2023-12-18,12.38
C91_567f,Overlimit Fee,2023-11-11,47.11
C92_0fe1,Overlimit Fee,2024-05-27,40.61
C93_0d5f,Overlimit Fee,2023-07-28,21.24
C93_0d5f,Annual Fee,2024-06-28,21.36
C93_0d5f,Overlimit Fee,2023-09-18,44.6
C94_ed46,Overlimit Fee,2024-04-13,8.47
C94_ed46,Annual Fee,2024-06-04,27.33
C95_5adf,Overlimit Fee,2023-12-15,17.4
C98_1068,Overlimit Fee,2025-01-02,47.85
C98_1068,Overlimit Fee,2025-01-21,47.73
C98_1068,Annual Fee,2024-03-04,12.51
C98_1068,Late Fee,2025-04-06,34.7
C98_59cd,Overlimit Fee,2024-11-30,40.29
C99_b0c9,Annual Fee,2024-11-23,24.15
C99_b0c9,Annual Fee,2023-09-11,35.7
C99_b0c9,Annual Fee,2023-08-17,49.54
C100_8dd6,Overlimit Fee,2023-12-09,7.45
C100_8dd6,Overlimit Fee,2025-02-18,12.71
C100_8dd6,Late Fee,2023-07-04,46.82
C101_0d3d,Late Fee,2025-06-16,30.28
C101_0d3d,Annual Fee,2025-05-29,21.98
C102_c8a1,Annual Fee,2024-05-08,34.18
C102_c8a1,Late Fee,2023-07-11,27.47
C102_c8a1,Late Fee,2024-08-08,16.97
C102_c8a1,Late Fee,2024-04-16,28.24
C103_1936,Overlimit Fee,2024-07-05,6.85
C103_1936,Annual Fee,2025-05-30,18.13
C104_f5b7,Annual Fee,2024-01-03,17.3
C105_2828,Annual Fee,2024-06-13,21.79
C106_2cb3,Annual Fee,2025-01-06,48.17
C107_f172,Late Fee,2023-11-29,32.85
C107_f172,Late Fee,2025-02-18,49.89
C108_a2bb,Late Fee,2024-11-04,14.4
C108_a2bb,Overlimit Fee,2025-04-01,40.52
C108_a2bb,Overlimit Fee,2025-06-18,47.73
C109_3cf9,Annual Fee,2023-08-04,42.69
C110_6bb6,Late Fee,2025-06-02,20.44
C112_2982,Late Fee,2024-12-29,10.28
C113_b7ed,Late Fee,2025-02-04,20.64
C114_0671,Late Fee,2024-12-11,35.22
C114_0671,Overlimit Fee,2024-03-15,10.37
C115_0c15,Overlimit Fee,2025-02-05,15.5
C115_0c15,Annual Fee,2023-10-20,20.77
C115_0c15,Overlimit Fee,2023-08-22,46.31
C115_0c15,Late Fee,2024-06-25,25.44
C116_c740,Annual Fee,2024-11-22,43.68
C116_c9a6,Late Fee,2024-12-06,36.15
C116_c9a6,Late Fee,2023-07-18,5.84
C117_e9e7,Annual Fee,2025-01-25,23.29
C117_e9e7,Overlimit Fee,2024-03-04,15.39
C118_2348,Late Fee,2024-06-04,5.29
C118_2348,Annual Fee,2025-02-05,5.08
C121_e54c,Annual Fee,2023-07-24,42.05
C122_399b,Annual Fee,2025-06-09,46.94
C122_65a5,Overlimit Fee,2024-06-10,15.41
C122_65a5,Overlimit Fee,2024-11-19,33.23
C122_65a5,Annual Fee,2024-02-29,42.6
C122_65a5,Late Fee,2024-12-08,31.71
C123_ff7a,Late Fee,2024-08-21,5.98
C123_ff7a,Annual Fee,2023-08-20,31.85
C124_8ad6,Late Fee,2023-11-14,16.95
C124_8ad6,Annual Fee,2025-05-05,5.75
C125_797c,Late Fee,2024-03-12,27.59
C125_797c,Overlimit Fee,2025-04-19,17.44
C126_88d3,Overlimit Fee,2023-10-20,11.62
C126_06dc,Annual Fee,2023-07-17,9.37
C126_06dc,Late Fee,2025-01-12,43.42
C126_06dc,Overlimit Fee,2023-09-29,27.33
C127_64a2,Overlimit Fee,2025-06-26,47.63
C128_75ef,Late Fee,2024-10-26,27.17
C131_eef6,Overlimit Fee,2024-05-24,43.41
C132_5b8d,Annual Fee,2025-06-17,32.23
C132_0dcc,Annual Fee,2024-07-27,43.88
C132_0dcc,Annual Fee,2023-08-28,44.48
C134_a269,Overlimit Fee,2025-06-22,14.2
C135_08ef,Overlimit Fee,2023-10-21,20.02
C135_08ef,Annual Fee,2024-05-05,49.77
C136_354a,Late Fee,2023-08-12,5.75
C136_354a,Annual Fee,2024-10-16,26.38
C137_9cf6,Late Fee,2023-09-15,25.04
C137_93a2,Annual Fee,2025-06-01,12.79
C138_b5f5,Late Fee,2025-05-03,30.67
C138_b5f5,Annual Fee,2024-07-16,42.07
C139_b9e8,Overlimit Fee,2024-03-03,39.62
C140_351c,Late Fee,2023-08-09,21.31
C141_22b3,Annual Fee,2024-02-18,6.32
C142_9f93,Overlimit Fee,2024-06-17,42.36
C143_af27,Annual Fee,2023-10-07,25.5
C143_af27,Overlimit Fee,2023-07-19,7.49
C143_af27,Late Fee,2025-04-20,29.89
C143_af27,Overlimit Fee,2023-07-16,46.01
C145_e633,Annual Fee,2024-06-29,21.1
C145_e633,Overlimit Fee,2024-04-17,16.2
C145_f7f1,Late Fee,2024-10-04,22.73
C146_e983,Annual Fee,2025-06-20,30.86
C146_e983,Annual Fee,2024-01-26,30.13
C146_8e33,Late Fee,2024-11-17,10.03
C146_8e33,Late Fee,2023-12-12,35.77
C146_8e33,Late Fee,2023-08-02,27.54
C148_78a5,Overlimit Fee,2024-04-11,48.09
C148_78a5,Late Fee,2023-08-28,11.0
C149_fef0,Overlimit Fee,2023-07-08,29.08
C149_fef0,Overlimit Fee,2025-03-05,27.71
C149_fef0,Late Fee,2024-12-18,12.89
C149_fef0,Annual Fee,2024-12-22,34.09
C151_9870,Overlimit Fee,2023-12-16,44.86
C152_a5b9,Overlimit Fee,2024-10-29,42.15
C153_bb5f,Late Fee,2025-03-16,48.49
C154_0938,Annual Fee,2023-11-06,23.28
C154_0938,Late Fee,2024-06-11,33.13
C154_0938,Overlimit Fee,2025-04-18,7.87
C154_0938,Annual Fee,2024-08-07,26.68
C155_d13e,Late Fee,2023-08-17,19.13
C156_73df,Late Fee,2025-03-06,14.21
C156_73df,Late Fee,2025-04-27,10.58
C156_73df,Overlimit Fee,2024-03-14,37.96
C157_aaa2,Overlimit Fee,2025-02-15,5.43
C157_ec38,Annual Fee,2024-08-30,15.0
C159_ebba,Overlimit Fee,2024-09-10,25.69
C159_ebba,Late Fee,2025-02-23,18.03
C160_d97d,Late Fee,2025-05-02,20.87
C160_d97d,Late Fee,2024-02-15,24.95
C160_d97d,Late Fee,2024-07-27,43.91
C161_68ad,Late Fee,2025-01-14,7.64
C162_67af,Late Fee,2024-05-12,41.37
C163_eb6e,Overlimit Fee,2023-12-13,49.06
C165_cd66,Overlimit Fee,2024-12-16,32.46
C166_55a3,Overlimit Fee,2024-04-08,39.73
C167_0a02,Overlimit Fee,2024-07-02,29.95
C167_0a02,Annual Fee,2024-03-28,42.54
C167_d549,Late Fee,2025-03-07,44.75
C167_d549,Overlimit Fee,2025-06-21,31.61
C168_64e3,Late Fee,2024-11-15,7.28
C169_8a7f,Late Fee,2024-09-04,49.06
C169_8a7f,Overlimit Fee,2023-09-28,39.74
C171_1188,Overlimit Fee,2025-06-28,46.29
C171_1188,Late Fee,2024-01-12,21.69
C171_1188,Late Fee,2025-03-30,48.61
C171_1188,Overlimit Fee,2024-08-02,43.83
C171_1188,Overlimit Fee,2025-03-18,34.9
C171_1188,Overlimit Fee,2023-10-03,21.77
C172_68f4,Overlimit Fee,2024-01-23,49.19
C172_68f4,Annual Fee,2023-07-24,40.89
C173_3aca,Overlimit Fee,2023-08-16,36.12
C173_3aca,Annual Fee,2025-03-23,6.92
C173_cfd6,Overlimit Fee,2024-10-20,19.47
C173_cfd6,Annual Fee,2024-07-18,30.69
C174_0e84,Late Fee,2024-12-19,9.88
C174_0e84,Overlimit Fee,2023-11-18,18.6
C174_0e84,Late Fee,2025-06-15,19.39
C174_0e84,Late Fee,2024-05-29,44.17
C174_0e84,Overlimit Fee,2024-04-12,40.67
C174_01ce,Late Fee,2023-11-23,48.14
C175_b325,Annual Fee,2025-06-15,9.09
C175_ee65,Overlimit Fee,2024-02-01,16.4
C175_ee65,Annual Fee,2024-08-02,9.51
C175_ee65,Annual Fee,2024-01-19,35.02
C177_0151,Late Fee,2024-11-19,11.73
C178_fbf7,Late Fee,2025-03-23,34.69
C179_7ee1,Annual Fee,2024-12-14,33.88
C179_7ee1,Overlimit Fee,2024-06-20,29.59
C179_7ee1,Annual Fee,2025-05-26,22.21
C180_ed30,Annual Fee,2024-08-30,20.23
C181_92db,Overlimit Fee,2023-11-30,29.18
C181_92db,Annual Fee,2025-06-26,29.57
C181_92db,Overlimit Fee,2024-01-31,32.98
C182_f6ac,Annual Fee,2025-04-28,15.22
C183_3b4c,Overlimit Fee,2023-11-21,48.24
C183_3b4c,Annual Fee,2024-05-15,25.19
C184_c6b7,Overlimit Fee,2024-06-05,18.96
C184_c6b7,Late Fee,2024-03-13,26.14
C184_c6b7,Late Fee,2023-10-14,29.98
C184_c6b7,Annual Fee,2024-06-24,37.19
C185_5bf2,Overlimit Fee,2023-11-16,36.07
C185_5bf2,Overlimit Fee,2025-01-07,42.7
C185_5bf2,Overlimit Fee,2025-01-28,33.84
C185_d4c6,Late Fee,2024-12-15,32.43
C186_de5f,Late Fee,2024-06-01,15.8
C188_f902,Overlimit Fee,2024-07-05,43.46
C188_f902,Late Fee,2024-06-18,28.34
C189_fe38,Annual Fee,2024-03-03,33.56
C189_fe38,Late Fee,2024-11-21,18.39
C189_fe38,Annual Fee,2024-03-06,27.41
C189_fe38,Annual Fee,2024-10-15,44.17
C190_e752,Overlimit Fee,2023-09-30,44.05
C190_e752,Late Fee,2024-01-28,38.27
C191_5811,Overlimit Fee,2025-04-12,38.55
C191_5811,Late Fee,2023-10-30,14.5
C191_5811,Overlimit Fee,2025-06-14,29.93
C192_f4b4,Late Fee,2024-02-21,32.73
C193_ae5c,Overlimit Fee,2023-11-10,23.41
C193_ae5c,Annual Fee,2023-07-28,32.84
C194_8376,Overlimit Fee,2025-06-08,20.77
C195_ffb5,Late Fee,2025-06-02,14.0
C196_acf6,Late Fee,2024-03-21,34.95
C198_1786,Overlimit Fee,2024-03-28,28.25
C198_1786,Annual Fee,2025-05-08,20.18
C199_f325,Overlimit Fee,2024-11-02,37.71
C199_f325,Overlimit Fee,2024-01-03,45.58
C199_f325,Annual Fee,2023-10-09,42.27
C199_f325,Late Fee,2025-05-18,10.22
C200_fbf2,Overlimit Fee,2024-06-05,5.03
C205_2131,Late Fee,2024-03-02,43.56
C205_2131,Annual Fee,2024-12-13,31.76
C206_ef58,Late Fee,2023-07-10,34.12
C206_ef58,Annual Fee,2023-08-19,37.6
C206_ef58,Late Fee,2023-11-20,20.48
C206_ef58,Late Fee,2024-04-28,25.58
C207_329c,Late Fee,2025-02-10,7.59
C207_329c,Late Fee,2024-10-26,31.4
C208_d89a,Overlimit Fee,2024-01-06,12.19
C209_61c6,Overlimit Fee,2023-07-22,5.99
C210_35c9,Overlimit Fee,2023-11-09,19.95
C210_35c9,Late Fee,2023-07-15,45.29
C210_35c9,Late Fee,2023-10-23,8.11
C210_35c9,Late Fee,2023-08-27,20.76
C212_b42f,Late Fee,2024-02-04,6.65
C212_b42f,Late Fee,2024-08-26,5.32
C213_7433,Overlimit Fee,2025-05-12,47.91
C214_4070,Overlimit Fee,2024-08-28,39.18
C214_4070,Late Fee,2024-09-04,36.05
C214_4070,Annual Fee,2024-04-13,12.56
C214_4070,Late Fee,2024-12-18,38.47
C214_062d,Late Fee,2024-05-30,19.64
C215_22ca,Annual Fee,2024-10-09,47.24
C219_56fe,Late Fee,2024-06-26,20.25
C219_56fe,Annual Fee,2024-09-14,14.08
C220_141b,Annual Fee,2024-09-08,18.99
C220_141b,Overlimit Fee,2023-11-06,21.07
C220_141b,Annual Fee,2025-01-17,27.24
C221_d26d,Overlimit Fee,2023-08-11,30.23
C223_c3a3,Overlimit Fee,2024-02-23,14.21
C223_40d2,Annual Fee,2023-09-06,9.14
C223_40d2,Late Fee,2024-01-11,14.06
C224_70df,Overlimit Fee,2025-02-24,49.48
C224_70df,Late Fee,2024-12-10,42.49
C225_9975,Annual Fee,2024-07-01,8.52
C226_848e,Annual Fee,2024-07-04,38.48
C226_848e,Overlimit Fee,2023-08-26,29.48
C227_57c2,Annual Fee,2024-02-11,36.69
C229_63ea,Late Fee,2023-07-11,28.52
C229_63ea,Late Fee,2023-10-17,40.98
C232_2ee6,Annual Fee,2025-02-03,47.77
C233_d9ef,Annual Fee,2024-03-10,20.7
C234_b050,Annual Fee,2024-02-20,41.49
C234_b050,Overlimit Fee,2024-05-14,7.71
C235_edc6,Late Fee,2024-07-09,13.47
C235_edc6,Overlimit Fee,2024-06-19,32.97
C237_5153,Overlimit Fee,2023-07-22,20.23
C237_0b25,Overlimit Fee,2023-09-07,32.75
C238_dfc8,Overlimit Fee,2024-03-09,37.33
C238_dfc8,Late Fee,2024-10-06,25.87
C239_dca8,Annual Fee,2024-08-01,33.85
C239_dca8,Late Fee,2024-07-08,44.13
C240_a252,Late Fee,2024-11-23,15.65
C241_7e51,Late Fee,2025-05-20,38.9
C241_7e51,Late Fee,2024-06-09,35.28
C241_7e51,Late Fee,2024-04-30,30.43
C242_d7de,Annual Fee,2024-02-05,40.46
C243_705b,Late Fee,2025-02-25,41.74
C244_113c,Overlimit Fee,2023-07-16,9.66
C244_113c,Overlimit Fee,2024-11-21,17.87
C245_c06b,Overlimit Fee,2024-10-06,35.16
C245_c06b,Annual Fee,2025-01-26,41.96
C248_67f8,Overlimit Fee,2024-08-27,19.34
C248_67f8,Overlimit Fee,2024-10-09,15.06
C249_95e1,Overlimit Fee,2023-11-21,17.19
C251_fefd,Annual Fee,2024-08-19,22.57
C252_7d5d,Overlimit Fee,2023-09-04,16.78
C253_10e8,Annual Fee,2025-02-26,36.33
C254_7e24,Late Fee,2024-05-22,17.33
C254_c1d7,Overlimit Fee,2023-10-10,6.58
C255_05f2,Overlimit Fee,2024-04-21,27.01
C255_0723,Late Fee,2024-03-13,5.73
C256_5e15,Annual Fee,2024-10-19,39.87
C256_97f0,Annual Fee,2024-10-22,7.32
C257_fb23,Late Fee,2025-03-23,7.36
C259_438d,Annual Fee,2024-11-28,35.69
C260_a07f,Overlimit Fee,2025-06-27,46.52
C260_a07f,Overlimit Fee,2025-01-02,37.47
C261_f489,Annual Fee,2024-04-15,42.83
C262_aa17,Annual Fee,2025-06-14,7.2
C262_aa17,Overlimit Fee,2024-01-25,41.32
C263_0823,Late Fee,2023-11-10,30.09
C264_a31c,Late Fee,2023-08-06,15.26
C264_a31c,Annual Fee,2023-08-20,28.67
C264_a31c,Overlimit Fee,2024-04-01,40.33
C265_8abb,Annual Fee,2024-06-06,37.22
C265_8abb,Late Fee,2023-07-07,12.43
C266_0392,Overlimit Fee,2024-03-26,22.86
C266_0392,Late Fee,2024-01-30,10.76
C266_0392,Annual Fee,2024-07-04,18.46
C267_059e,Annual Fee,2024-07-01,35.5
C267_feea,Annual Fee,2024-11-21,21.45
C267_feea,Overlimit Fee,2024-04-20,31.2
C267_feea,Late Fee,2025-04-03,32.3
C268_f48e,Annual Fee,2025-03-23,20.49
C269_854c,Overlimit Fee,2025-02-16,20.11
C270_c82a,Late Fee,2023-12-03,12.63
C270_c82a,Overlimit Fee,2024-01-14,45.05
C270_c82a,Late Fee,2024-02-06,21.37
C271_d61a,Annual Fee,2025-05-21,39.73
C271_d61a,Overlimit Fee,2025-03-05,43.82
C271_d61a,Overlimit Fee,2024-03-29,11.13
C271_d61a,Annual Fee,2023-08-13,26.32
C271_d61a,Annual Fee,2025-03-01,37.28
C272_a9d2,Annual Fee,2025-03-17,32.16
C272_a9d2,Overlimit Fee,2023-09-22,44.58
C272_a9d2,Late Fee,2023-11-26,21.05
C272_b2c9,Overlimit Fee,2024-04-05,11.55
C273_b883,Overlimit Fee,2023-08-10,11.29
C273_b883,Overlimit Fee,2025-01-05,5.89
C274_da2e,Overlimit Fee,2023-10-12,9.9
C275_5050,Overlimit Fee,2024-01-31,9.68
C276_c6b4,Overlimit Fee,2023-10-05,31.61
C276_c6b4,Annual Fee,2023-08-16,20.89
C276_53fd,Late Fee,2025-01-19,9.57
C277_f33c,Late Fee,2023-08-08,49.0
C277_039d,Annual Fee,2025-02-15,41.94
C278_b63c,Annual Fee,2023-07-30,27.81
C278_b63c,Overlimit Fee,2025-06-20,19.99
C278_b63c,Annual Fee,2024-12-31,29.98
C278_b63c,Overlimit Fee,2024-12-26,12.09
C279_8dff,Overlimit Fee,2024-04-03,22.18
C279_8dff,Annual Fee,2023-08-11,44.09
C280_6a24,Annual Fee,2025-05-29,20.19
C280_6a24,Late Fee,2023-09-06,31.23
C281_1f69,Annual Fee,2023-07-11,7.3
C281_1f69,Overlimit Fee,2024-03-04,26.61
C282_ff28,Late Fee,2024-07-14,37.46
C283_0806,Annual Fee,2024-02-03,29.95
C283_0806,Annual Fee,2024-03-10,48.4
C284_d87d,Overlimit Fee,2024-03-17,26.68
C284_d87d,Late Fee,2023-09-04,15.91
C286_a74b,Annual Fee,2023-11-04,32.86
C286_a74b,Late Fee,2024-08-06,45.47
C286_a74b,Late Fee,2024-10-30,26.84
C287_3fb2,Annual Fee,2024-05-05,28.37
C287_3fb2,Late Fee,2024-07-23,30.34
C288_0e5b,Annual Fee,2023-08-06,40.46
C288_0e5b,Overlimit Fee,2024-04-10,30.37
C289_39b6,Annual Fee,2025-05-05,29.29
C289_39b6,Overlimit Fee,2025-05-21,14.43
C289_39b6,Late Fee,2023-09-03,37.19
C289_39b6,Late Fee,2024-07-04,12.98
C289_cefe,Annual Fee,2024-09-12,27.91
C289_cefe,Overlimit Fee,2025-03-23,39.22
C290_b550,Late Fee,2024-11-28,26.58
C290_854d,Overlimit Fee,2025-01-15,47.34
C291_7a31,Annual Fee,2024-01-16,28.67
C292_4eec,Annual Fee,2024-06-17,17.58
C292_4eec,Late Fee,2024-06-10,19.37
C293_5cb7,Overlimit Fee,2024-04-21,21.89
C294_3f1c,Late Fee,2024-10-16,19.76
C294_3f1c,Annual Fee,2024-02-01,31.87
C294_3f1c,Annual Fee,2024-08-21,8.65
C294_3f1c,Annual Fee,2023-07-15,8.35
C295_6e77,Annual Fee,2025-05-22,38.12
C295_0ef0,Annual Fee,2025-02-09,27.05
C296_8634,Late Fee,2023-07-03,48.26
C297_38a7,Annual Fee,2023-09-20,24.51
C297_38a7,Annual Fee,2024-05-23,45.81
C297_38a7,Overlimit Fee,2024-01-10,27.9
C299_3b8d,Late Fee,2024-07-07,17.25
C299_3b8d,Annual Fee,2024-09-24,25.93
C299_3b8d,Annual Fee,2023-09-14,39.37
C299_3b8d,Overlimit Fee,2023-07-24,26.45
C299_f190,Overlimit Fee,2023-10-01,34.1
C300_20fa,Overlimit Fee,2025-03-16,23.83
C300_20fa,Annual Fee,2023-08-06,45.98
C300_20fa,Annual Fee,2023-07-24,9.34
C300_3f79,Annual Fee,2024-10-22,37.43
C300_3f79,Overlimit Fee,2024-02-25,19.38
C300_3f79,Late Fee,2025-04-30,14.37
C301_cc71,Annual Fee,2023-10-04,20.51
C301_cc71,Overlimit Fee,2023-10-27,36.97
C302_e7a2,Annual Fee,2023-09-03,30.01
C303_618a,Overlimit Fee,2024-06-28,27.66
C305_db16,Annual Fee,2025-03-31,43.07
C306_d335,Annual Fee,2024-02-19,6.89
C307_fbdc,Overlimit Fee,2024-07-11,27.53
C307_ac91,Overlimit Fee,2023-10-14,17.09
C307_ac91,Annual Fee,2024-12-20,7.48
C307_ac91,Overlimit Fee,2024-09-01,22.35
C308_5865,Late Fee,2024-07-04,16.09
C308_5865,Late Fee,2025-03-17,16.74
C309_e47c,Overlimit Fee,2024-08-12,26.41
C309_e47c,Annual Fee,2024-11-15,39.79
C309_e47c,Annual Fee,2023-09-17,8.6
C309_e47c,Late Fee,2023-08-18,32.36
C309_e47c,Late Fee,2024-03-23,49.39
C311_82e2,Overlimit Fee,2024-12-04,32.85
C311_82e2,Overlimit Fee,2025-02-25,20.66
C312_735b,Overlimit Fee,2024-04-04,47.07
C312_735b,Annual Fee,2023-08-19,42.51
C312_735b,Late Fee,2024-10-04,24.97
C312_735b,Late Fee,2024-12-30,18.62
C313_827a,Annual Fee,2024-07-09,5.81
C313_827a,Annual Fee,2025-05-12,28.17
C314_59e8,Annual Fee,2024-10-27,32.81
C314_59e8,Overlimit Fee,2023-12-26,28.87
C316_2234,Annual Fee,2024-04-21,34.7
C316_2234,Annual Fee,2023-12-25,30.18
C316_ef6b,Late Fee,2025-06-22,11.53
C316_ef6b,Late Fee,2024-08-31,42.58
C318_d197,Overlimit Fee,2024-02-13,46.96
C319_e9bf,Late Fee,2025-04-26,20.8
C319_e9bf,Overlimit Fee,2023-11-22,33.45
C319_e9bf,Late Fee,2025-06-17,15.54
C319_9a64,Late Fee,2024-09-14,48.66
C319_9a64,Overlimit Fee,2024-11-11,29.72
C319_9a64,Late Fee,2025-02-23,12.55
C320_b20e,Overlimit Fee,2025-03-25,9.15
C320_b20e,Late Fee,2024-08-07,39.89
C322_6e6b,Annual Fee,2024-08-20,29.32
C322_6e6b,Late Fee,2025-04-27,47.16
C322_6e6b,Annual Fee,2025-03-22,7.57
C322_6e6b,Late Fee,2024-02-17,23.69
C324_c1af,Late Fee,2024-11-27,20.01
C324_c1af,Annual Fee,2024-04-27,41.93
C324_d610,Annual Fee,2023-12-22,9.48
C324_d610,Late Fee,2023-11-17,24.91
C324_d610,Annual Fee,2024-07-20,47.12
C325_6ef4,Overlimit Fee,2025-05-07,25.2
C326_86d7,Overlimit Fee,2023-08-16,15.62
C327_f7de,Overlimit Fee,2024-09-18,33.47
C327_f7de,Annual Fee,2024-02-15,43.19
C328_41a0,Overlimit Fee,2025-01-28,38.81
C328_41a0,Late Fee,2023-10-13,23.03
C330_024e,Overlimit Fee,2023-08-29,44.32
C330_024e,Overlimit Fee,2024-01-15,39.09
C330_edae,Annual Fee,2025-04-07,12.35
C331_f65a,Annual Fee,2024-09-01,38.82
C331_f65a,Late Fee,2024-07-04,48.75
C331_f65a,Late Fee,2023-12-24,26.16
C332_bd03,Annual Fee,2024-03-30,14.78
C332_bd03,Overlimit Fee,2023-09-20,40.22
C333_0654,Annual Fee,2024-11-13,6.5
C334_45c5,Annual Fee,2023-07-29,22.64
C335_ebbc,Annual Fee,2024-07-23,30.12
C336_cbae,Annual Fee,2024-03-26,35.97
C336_cbae,Annual Fee,2025-03-10,43.95
C337_9c9a,Overlimit Fee,2024-03-04,47.61
C337_9c9a,Late Fee,2025-01-02,30.8
C338_f0c9,Annual Fee,2024-04-26,28.1
C341_4f70,Annual Fee,2024-04-14,28.96
C342_f8b5,Overlimit Fee,2024-07-09,36.53
C343_a832,Late Fee,2024-04-06,49.66
C344_13f1,Overlimit Fee,2024-02-26,14.23
C345_e5e6,Annual Fee,2023-11-25,22.28
C346_abc2,Late Fee,2025-03-25,32.68
C346_c42b,Annual Fee,2025-03-17,39.77
C346_c42b,Overlimit Fee,2025-06-13,24.22
C347_f02d,Late Fee,2023-08-25,40.98
C347_f02d,Annual Fee,2024-12-07,22.42
C349_4b51,Late Fee,2024-03-19,18.16
C351_5b0e,Annual Fee,2023-07-07,39.74
C353_f945,Overlimit Fee,2024-11-07,18.21
C353_f945,Late Fee,2023-09-07,41.85
C353_f945,Overlimit Fee,2025-03-03,40.73
C353_f945,Late Fee,2023-11-28,35.03
C354_6293,Annual Fee,2023-12-23,27.13
C354_6293,Overlimit Fee,2025-01-16,22.55
C355_a1c5,Late Fee,2024-06-29,29.03
C356_a4d6,Annual Fee,2023-10-27,46.74
C357_0c78,Annual Fee,2025-02-13,48.16
C358_e70a,Late Fee,2024-03-13,6.13
C359_663e,Late Fee,2024-03-26,32.81
C360_4c15,Overlimit Fee,2023-07-07,8.7
C360_4c15,Overlimit Fee,2024-01-24,16.4
C360_4c15,Annual Fee,2025-01-18,32.37
C362_7218,Overlimit Fee,2025-02-01,32.68
C362_7218,Overlimit Fee,2023-11-03,25.85
C362_7218,Late Fee,2024-06-18,5.51
C362_7218,Late Fee,2024-04-26,41.16
C363_e6e4,Overlimit Fee,2023-11-10,12.05
C363_e6e4,Annual Fee,2025-06-07,33.05
C363_e6e4,Annual Fee,2024-11-11,28.05
C363_e6e4,Overlimit Fee,2025-06-20,15.35
C363_e6e4,Annual Fee,2024-10-21,16.31
C365_7837,Overlimit Fee,2025-06-07,16.82
C365_7837,Annual Fee,2024-05-07,12.68
C365_7837,Annual Fee,2024-07-25,48.3
C365_6734,Annual Fee,2024-07-06,13.02
C366_0d32,Annual Fee,2025-05-28,28.13
C366_0d32,Annual Fee,2023-07-22,7.99
C367_e04e,Overlimit Fee,2025-04-06,41.91
C369_2274,Annual Fee,2023-08-18,5.37
C369_2274,Overlimit Fee,2024-07-05,13.28
C370_bd87,Late Fee,2024-05-05,12.51
C370_bd87,Late Fee,2025-05-09,36.0
C370_bd87,Late Fee,2025-06-26,15.52
C370_bd87,Late Fee,2024-02-22,17.58
C370_bd87,Overlimit Fee,2024-04-28,48.3
C370_bd87,Late Fee,2024-01-26,32.92
C371_940f,Annual Fee,2024-05-31,33.62
C372_40fd,Late Fee,2024-04-27,25.34
C372_40fd,Annual Fee,2023-07-05,25.9
C372_40fd,Late Fee,2023-07-12,41.75
C372_7874,Annual Fee,2024-02-01,49.59
C372_7874,Overlimit Fee,2025-04-01,36.86
C372_7874,Annual Fee,2023-07-30,41.01
C372_7874,Overlimit Fee,2025-06-13,12.08
C374_8ace,Annual Fee,2024-08-07,33.39
C374_8ace,Overlimit Fee,2024-11-09,28.95
C375_d429,Overlimit Fee,2023-11-25,19.84
C375_d429,Overlimit Fee,2025-03-26,34.95
C375_d429,Annual Fee,2023-10-30,44.95
C376_120a,Late Fee,2023-09-08,8.65
C378_863c,Overlimit Fee,2023-08-22,19.35
C378_f035,Annual Fee,2024-05-04,45.23
C378_f035,Overlimit Fee,2024-12-05,29.38
C378_f035,Overlimit Fee,2023-12-14,25.89
C378_f035,Overlimit Fee,2024-07-03,36.59
C379_51b5,Overlimit Fee,2023-08-27,42.07
C379_51b5,Annual Fee,2024-10-07,15.27
C379_c6f6,Overlimit Fee,2024-12-25,13.47
C380_c81a,Late Fee,2023-10-17,42.79
C380_c81a,Overlimit Fee,2023-12-06,15.36
C380_01c3,Annual Fee,2024-05-15,29.48
C380_01c3,Annual Fee,2024-12-31,26.82
C380_01c3,Overlimit Fee,2025-02-24,46.63
C380_01c3,Late Fee,2023-07-05,14.93
C381_1c67,Late Fee,2024-11-05,33.75
C381_1c67,Overlimit Fee,2024-12-19,13.71
C381_1c67,Overlimit Fee,2023-08-04,33.83
C382_3e6f,Overlimit Fee,2024-09-14,17.37
C383_1c95,Overlimit Fee,2024-02-26,45.38
C383_1c95,Overlimit Fee,2025-05-09,37.42
C384_f146,Late Fee,2024-08-19,21.85
C385_f26c,Late Fee,2025-02-18,14.89
C386_c504,Late Fee,2025-04-25,25.65
C386_be2b,Overlimit Fee,2024-08-26,31.32
C387_d370,Annual Fee,2024-07-06,9.0
C387_d370,Annual Fee,2023-10-07,25.2
C387_d370,Late Fee,2024-07-27,9.87
C388_bd20,Annual Fee,2023-12-09,12.53
C388_bd20,Overlimit Fee,2025-01-07,15.46
C388_bd20,Annual Fee,2024-09-24,7.08
C388_bd20,Annual Fee,2025-02-10,13.89
C389_eda0,Late Fee,2024-07-25,22.33
C389_eda0,Late Fee,2024-10-11,21.2
C389_eda0,Late Fee,2024-02-05,12.13
C391_06fc,Overlimit Fee,2025-06-28,7.72
C393_9411,Overlimit Fee,2025-05-17,38.83
C393_9411,Late Fee,2025-05-27,41.39
C393_9411,Annual Fee,2024-02-14,46.85
C394_c4fa,Overlimit Fee,2023-10-15,22.36
C394_c4fa,Annual Fee,2025-02-17,41.76
C395_3cba,Late Fee,2024-06-19,24.88
C395_3cba,Late Fee,2024-04-08,7.04
C396_361c,Overlimit Fee,2025-03-16,22.58
C397_964f,Annual Fee,2023-11-08,45.68
C397_964f,Late Fee,2024-01-25,41.67
C397_996d,Overlimit Fee,2024-10-30,47.86
C398_5272,Late Fee,2024-03-26,27.36
C398_5272,Overlimit Fee,2023-12-11,39.22
C398_5272,Overlimit Fee,2024-06-19,27.88
C399_41b7,Overlimit Fee,2024-02-18,5.78
C399_b5e1,Late Fee,2024-01-17,31.14
C399_b5e1,Annual Fee,2024-01-06,26.7
C400_7ad5,Overlimit Fee,2024-11-23,27.19
C401_5ba1,Annual Fee,2024-01-22,13.85
C401_5ba1,Annual Fee,2025-02-02,10.49
C401_5ba1,Overlimit Fee,2023-12-11,24.4
C402_8a73,Overlimit Fee,2024-12-25,30.06
C403_63c2,Annual Fee,2024-08-11,11.9
C404_d813,Late Fee,2024-11-02,11.99
C404_0b17,Annual Fee,2023-09-22,45.12
C405_d4ce,Annual Fee,2023-11-26,29.38
C405_d4ce,Annual Fee,2023-10-28,49.85
C406_14b8,Overlimit Fee,2025-01-16,23.17
C407_7c87,Annual Fee,2025-05-11,7.99
C408_ac78,Annual Fee,2025-05-27,45.36
C410_c34d,Overlimit Fee,2024-06-17,30.59
C411_7028,Late Fee,2023-11-06,34.39
C411_7028,Overlimit Fee,2025-06-12,13.23
C411_7028,Overlimit Fee,2023-11-23,38.2
C412_da4d,Annual Fee,2024-12-10,39.92
C412_da4d,Overlimit Fee,2023-10-30,9.95
C413_ad28,Overlimit Fee,2025-03-28,35.18
C413_f942,Late Fee,2024-12-28,47.76
C414_dac1,Overlimit Fee,2023-08-09,45.77
C414_dac1,Overlimit Fee,2024-01-02,39.07
C415_052b,Late Fee,2024-06-25,36.13
C415_052b,Overlimit Fee,2025-02-03,9.06
C415_052b,Annual Fee,2025-03-25,49.66
C416_eee0,Overlimit Fee,2025-03-10,27.09
C416_decc,Overlimit Fee,2025-05-15,40.42
C416_decc,Annual Fee,2024-06-25,17.62
C417_9c72,Overlimit Fee,2025-05-01,46.22
C418_32a5,Annual Fee,2025-02-01,18.01
C418_32a5,Overlimit Fee,2024-12-29,31.56
C418_32a5,Annual Fee,2024-08-09,19.51
C418_2f07,Annual Fee,2025-05-12,35.51
C418_2f07,Overlimit Fee,2024-07-04,21.01
C418_2f07,Late Fee,2024-06-30,13.11
C419_3a72,Overlimit Fee,2025-03-02,30.25
C419_3a72,Annual Fee,2023-08-13,6.69
C420_2530,Annual Fee,2024-11-20,43.65
C420_2530,Overlimit Fee,2023-08-29,35.76
C421_e5f1,Annual Fee,2023-11-19,9.79
C421_e5f1,Annual Fee,2025-02-09,21.54
C423_7ad0,Annual Fee,2024-12-28,49.58
C423_4556,Overlimit Fee,2023-12-23,31.94
C423_4556,Late Fee,2025-03-14,26.63
C424_9e31,Late Fee,2025-01-22,27.33
C424_9e31,Overlimit Fee,2024-03-07,14.83
C425_3506,Late Fee,2025-02-08,5.89
C425_3506,Overlimit Fee,2025-06-22,21.49
C425_208d,Late Fee,2025-06-06,20.78
C425_208d,Overlimit Fee,2025-05-14,8.87
C426_80d9,Annual Fee,2023-10-06,38.08
C426_80d9,Overlimit Fee,2025-02-05,5.79
C426_80d9,Overlimit Fee,2025-01-17,23.9
C427_714d,Overlimit Fee,2023-09-19,45.95
C427_714d,Overlimit Fee,2025-03-12,13.91
C428_bbe7,Overlimit Fee,2024-05-14,38.58
C429_19b2,Overlimit Fee,2025-03-13,30.31
C429_19b2,Annual Fee,2023-06-30,32.67
C430_89e4,Annual Fee,2023-11-23,13.71
C432_b738,Annual Fee,2024-01-15,44.0
C432_e56a,Overlimit Fee,2023-11-12,8.21
C434_53b9,Overlimit Fee,2024-01-22,30.6
C434_d547,Annual Fee,2024-07-03,16.52
C435_8a84,Annual Fee,2023-12-27,47.78
C435_8a84,Late Fee,2024-11-05,25.06
C435_8a84,Late Fee,2024-02-29,8.6
C436_4e2e,Annual Fee,2024-12-07,47.84
C437_fd14,Overlimit Fee,2024-07-08,7.02
C438_6434,Overlimit Fee,2024-11-09,42.76
C438_6434,Late Fee,2024-11-04,17.96
C439_1f21,Annual Fee,2023-09-24,34.42
C439_1f21,Late Fee,2024-10-10,12.41
C440_a748,Late Fee,2024-03-25,11.87
C440_3d9f,Overlimit Fee,2024-01-26,24.34
C440_3d9f,Late Fee,2023-11-22,41.99
C440_3d9f,Overlimit Fee,2025-04-10,41.45
C441_11d5,Annual Fee,2024-03-18,12.65
C443_dbf9,Annual Fee,2024-11-03,27.14
C443_dbf9,Annual Fee,2023-07-11,42.52
C444_31ff,Annual Fee,2024-04-07,35.59
C445_a41a,Overlimit Fee,2024-09-23,42.27
C446_a3da,Late Fee,2023-07-12,8.18
C447_c4d3,Overlimit Fee,2024-12-26,38.85
C447_c4d3,Overlimit Fee,2023-08-09,14.67
C447_c4d3,Overlimit Fee,2024-11-17,21.97
C448_f987,Annual Fee,2024-06-27,37.33
C448_f987,Annual Fee,2024-07-10,46.09
C450_3c91,Late Fee,2024-07-05,35.26
C451_46ac,Overlimit Fee,2024-09-14,48.74
C451_46ac,Overlimit Fee,2025-04-28,22.99
C453_9d41,Late Fee,2023-11-17,8.45
C453_9d41,Overlimit Fee,2023-12-03,32.19
C453_9d41,Late Fee,2023-12-28,7.0
C453_9d41,Overlimit Fee,2024-02-08,26.22
C454_9cd3,Late Fee,2025-06-14,27.87
C455_68cb,Late Fee,2025-04-27,43.7
C455_68cb,Late Fee,2024-03-05,10.63
C456_486c,Overlimit Fee,2023-11-10,20.36
C457_5ec2,Overlimit Fee,2023-10-25,37.37
C457_5ec2,Overlimit Fee,2023-09-13,20.49
C458_51f8,Late Fee,2023-12-15,27.88
C458_51f8,Overlimit Fee,2023-11-12,49.21
C458_d741,Annual Fee,2024-01-23,49.73
C458_d741,Late Fee,2024-11-07,10.62
C459_857d,Late Fee,2023-11-12,45.14
C459_857d,Overlimit Fee,2024-07-09,26.5
C459_857d,Late Fee,2023-10-12,25.06
C459_60fc,Overlimit Fee,2024-11-11,13.22
C459_60fc,Late Fee,2023-10-21,47.64
C459_60fc,Late Fee,2024-03-03,28.77
C460_13bd,Late Fee,2024-11-27,16.97
C460_13bd,Late Fee,2023-07-23,7.58
C461_86d6,Overlimit Fee,2024-08-22,42.12
C461_86d6,Overlimit Fee,2024-05-29,42.28
C461_5994,Overlimit Fee,2023-12-25,36.72
C461_5994,Annual Fee,2025-04-21,49.34
C461_5994,Overlimit Fee,2025-04-10,39.29
C461_5994,Overlimit Fee,2023-09-28,9.51
C462_9297,Annual Fee,2024-04-28,29.57
C463_1de4,Annual Fee,2024-03-21,32.02
C463_1de4,Late Fee,2025-06-09,6.62
C463_1de4,Late Fee,2023-08-13,15.11
C463_d953,Annual Fee,2023-12-31,39.57
C463_d953,Annual Fee,2024-09-19,26.92
C463_d953,Overlimit Fee,2025-06-22,44.49
C463_d953,Annual Fee,2025-06-14,8.72
C465_92a9,Annual Fee,2024-10-22,37.21
C465_92a9,Overlimit Fee,2025-02-26,44.96
C466_ed3d,Annual Fee,2024-09-29,22.94
C467_853a,Overlimit Fee,2023-09-23,11.22
C467_853a,Annual Fee,2024-12-09,24.11
C468_aeff,Overlimit Fee,2024-07-05,13.77
C469_bcb4,Overlimit Fee,2024-10-06,17.25
C470_cb02,Annual Fee,2025-05-30,34.43
C470_cb02,Overlimit Fee,2024-01-06,33.08
C470_cb02,Late Fee,2025-03-06,48.52
C471_1f39,Overlimit Fee,2025-02-25,33.33
C471_1f39,Late Fee,2024-01-08,38.67
C471_1f39,Overlimit Fee,2024-04-12,40.2
C471_1f39,Annual Fee,2025-02-07,14.68
C471_1f39,Annual Fee,2024-10-05,36.89
C471_1f39,Late Fee,2024-07-14,49.91
C472_848d,Annual Fee,2025-03-05,49.88
C472_848d,Late Fee,2024-07-28,36.03
C472_eef7,Overlimit Fee,2025-01-19,26.34
C473_b4fb,Annual Fee,2024-12-05,36.94
C473_b4fb,Annual Fee,2023-11-09,15.85
C474_2783,Annual Fee,2023-08-02,18.62
C475_1870,Overlimit Fee,2025-01-29,46.66
C475_1870,Overlimit Fee,2025-06-21,24.19
C475_c7b2,Overlimit Fee,2025-01-17,14.88
C475_c7b2,Late Fee,2024-07-23,20.0
C476_7396,Annual Fee,2024-09-14,47.04
C477_a322,Overlimit Fee,2024-03-26,44.6
C479_c6b1,Overlimit Fee,2024-08-04,45.46
C480_f95d,Late Fee,2025-05-05,27.04
C480_9407,Late Fee,2024-08-21,43.23
C480_9407,Overlimit Fee,2023-11-13,36.55
C480_9407,Annual Fee,2023-12-24,10.33
C481_b5f7,Annual Fee,2023-09-19,40.11
C482_8884,Annual Fee,2025-01-11,34.76
C482_8884,Annual Fee,2024-04-29,43.13
C483_3ca5,Late Fee,2025-05-10,24.26
C483_3ca5,Late Fee,2024-12-07,31.19
C483_3ca5,Annual Fee,2025-03-15,9.0
C484_15ad,Annual Fee,2024-05-30,45.58
C485_c573,Annual Fee,2023-08-15,38.42
C487_be5c,Annual Fee,2024-03-06,41.61
C487_be5c,Overlimit Fee,2024-07-14,23.5
C488_01ed,Annual Fee,2025-03-05,16.0
C488_01ed,Overlimit Fee,2025-04-13,47.25
C488_01ed,Annual Fee,2024-09-05,16.98
C488_01ed,Annual Fee,2024-12-21,22.76
C488_b53c,Annual Fee,2024-12-30,43.89
C488_b53c,Late Fee,2024-04-13,43.14
C488_b53c,Annual Fee,2024-11-10,41.57
C489_7888,Late Fee,2023-10-13,24.21
C489_7888,Overlimit Fee,2023-09-01,30.97
C490_9bd2,Overlimit Fee,2024-08-27,29.7
C490_9bd2,Overlimit Fee,2024-11-15,22.19
C490_2c07,Overlimit Fee,2024-05-09,30.76
C491_b560,Annual Fee,2024-07-22,7.59
C491_b560,Late Fee,2024-12-04,32.24
C492_4f65,Late Fee,2024-04-17,48.06
C492_4f65,Annual Fee,2024-02-17,27.87
C492_4f65,Late Fee,2024-08-13,45.06
C493_314a,Annual Fee,2023-08-04,48.74
C493_314a,Annual Fee,2025-04-27,24.5
C493_314a,Overlimit Fee,2023-12-08,19.42
C494_20a4,Annual Fee,2024-06-12,47.7
C494_b894,Overlimit Fee,2025-01-05,8.52
C494_b894,Annual Fee,2024-02-05,36.86
C495_d67c,Late Fee,2024-12-03,34.53
C495_d67c,Late Fee,2023-12-05,28.35
C496_68fe,Overlimit Fee,2025-02-10,26.19
C497_1679,Late Fee,2023-09-24,17.0
C497_1679,Annual Fee,2025-06-22,27.29
C498_1897,Late Fee,2024-02-12,9.79
C499_64af,Late Fee,2023-07-11,5.16
C499_64af,Annual Fee,2024-02-18,36.55
C499_64af,Late Fee,2023-09-20,8.78
C499_64af,Overlimit Fee,2024-08-17,16.29
C500_d746,Overlimit Fee,2025-03-14,47.28
C500_d746,Annual Fee,2023-07-10,27.11
C501_ad82,Overlimit Fee,2024-04-13,33.85
C501_ad82,Overlimit Fee,2024-02-02,14.66
C501_ad82,Annual Fee,2023-12-26,23.37
C501_ad82,Overlimit Fee,2024-06-18,5.61
C503_ab61,Overlimit Fee,2023-10-10,38.66
C503_2bd4,Overlimit Fee,2024-06-20,7.82
C503_2bd4,Late Fee,2023-12-01,46.06
C503_2bd4,Annual Fee,2024-12-13,34.77
C504_0136,Late Fee,2024-10-28,13.96
C504_0136,Late Fee,2025-03-19,17.23
C505_4ffe,Late Fee,2024-10-04,22.37
C505_4ffe,Annual Fee,2023-07-21,34.62
C506_4d1d,Overlimit Fee,2025-02-01,27.49
C507_49e7,Overlimit Fee,2024-02-09,25.44
C507_49e7,Overlimit Fee,2025-02-16,12.03
C507_49e7,Late Fee,2024-06-07,30.83
C508_1c7b,Annual Fee,2025-06-19,31.38
C508_771a,Annual Fee,2024-01-28,41.71
C509_2af5,Late Fee,2025-01-02,10.01
C509_2af5,Annual Fee,2024-01-21,41.45
C510_06fa,Overlimit Fee,2024-08-05,11.73
C511_1f69,Overlimit Fee,2025-06-27,30.09
C511_1f69,Annual Fee,2024-08-02,16.89
C511_c4be,Late Fee,2025-01-26,48.89
C511_c4be,Overlimit Fee,2023-08-29,23.9
C511_c4be,Annual Fee,2024-09-28,45.01
C512_6243,Late Fee,2024-06-02,35.91
C513_6ceb,Overlimit Fee,2023-08-26,19.73
C513_6ceb,Overlimit Fee,2025-04-19,31.32
C514_f26b,Late Fee,2024-09-26,35.0
C516_e75c,Overlimit Fee,2023-10-01,28.41
C516_e75c,Late Fee,2023-10-17,6.44
C517_29ef,Annual Fee,2024-04-25,45.12
C518_7657,Late Fee,2024-02-29,9.86
C520_fb72,Late Fee,2024-10-02,12.71
C521_d18c,Late Fee,2024-09-01,42.31
C522_f387,Overlimit Fee,2024-11-12,16.49
C522_f387,Annual Fee,2024-11-28,28.85
C522_f387,Annual Fee,2023-08-15,31.92
C524_f415,Late Fee,2025-01-25,37.31
C525_912d,Overlimit Fee,2024-09-06,43.47
C525_21ab,Late Fee,2025-04-19,14.72
C525_21ab,Overlimit Fee,2023-09-14,21.1
C526_3536,Annual Fee,2023-09-28,41.92
C528_329b,Annual Fee,2023-10-17,19.27
C528_329b,Late Fee,2024-12-10,42.06
C528_e337,Late Fee,2024-06-01,7.56
C529_b397,Annual Fee,2025-05-01,19.63
C530_1608,Overlimit Fee,2025-04-02,41.65
C530_1608,Overlimit Fee,2023-08-06,37.32
C531_6187,Annual Fee,2023-12-13,24.83
C531_6187,Late Fee,2025-05-24,25.77
C532_6689,Annual Fee,2023-08-13,27.38
C532_6689,Overlimit Fee,2025-01-31,24.57
C533_a29d,Annual Fee,2024-06-01,20.71
C533_a29d,Overlimit Fee,2025-02-07,41.89
C534_b6d2,Overlimit Fee,2023-09-12,48.01
C535_783d,Annual Fee,2024-11-05,41.36
C536_d161,Annual Fee,2024-07-25,30.2
C536_d161,Overlimit Fee,2023-11-20,49.27
C536_d161,Annual Fee,2025-05-13,47.92
C536_d161,Late Fee,2025-05-02,33.19
C537_58be,Overlimit Fee,2023-10-23,12.42
C539_fd7f,Overlimit Fee,2023-07-19,40.33
C540_9ff9,Annual Fee,2024-06-30,21.83
C540_9ff9,Overlimit Fee,2024-11-14,31.29
C542_197e,Late Fee,2023-06-29,7.54
C542_197e,Overlimit Fee,2025-01-07,48.38
C542_197e,Late Fee,2023-11-23,46.67
C542_197e,Annual Fee,2024-07-24,45.67
C543_3a94,Overlimit Fee,2025-04-18,35.97
C543_3a94,Annual Fee,2024-04-07,7.69
C544_fcd2,Late Fee,2024-07-13,31.56
C545_8805,Late Fee,2024-09-03,25.83
C546_e54e,Overlimit Fee,2025-06-05,7.25
C546_e54e,Annual Fee,2023-08-18,22.78
C546_e54e,Late Fee,2024-03-26,45.28
C547_d094,Overlimit Fee,2025-03-21,26.76
C547_d094,Annual Fee,2024-01-21,22.86
C547_d094,Annual Fee,2024-04-27,45.58
C548_4d43,Overlimit Fee,2024-05-06,41.87
C549_4467,Annual Fee,2024-01-27,5.41
C550_0f52,Late Fee,2024-09-14,37.49
C550_0f52,Overlimit Fee,2024-10-06,31.81
C551_746c,Annual Fee,2023-07-16,34.68
C553_cb62,Annual Fee,2024-02-02,5.54
C554_4f0f,Overlimit Fee,2023-10-03,44.93
C554_0b08,Overlimit Fee,2025-04-02,21.48
C555_2b53,Annual Fee,2025-06-11,37.92
C556_23a6,Overlimit Fee,2024-02-04,31.16
C557_228c,Annual Fee,2023-10-30,23.55
C557_228c,Late Fee,2023-09-16,16.75
C558_9b86,Overlimit Fee,2024-06-27,7.76
C558_9b86,Annual Fee,2025-03-03,25.79
C558_9b86,Late Fee,2025-04-19,38.33
C561_e353,Overlimit Fee,2024-01-20,16.76
C561_e353,Overlimit Fee,2024-03-06,34.19
C561_e353,Overlimit Fee,2025-01-08,42.16
C562_dae3,Late Fee,2025-04-12,40.52
C563_82ee,Late Fee,2023-12-27,10.0
C563_82ee,Late Fee,2023-07-12,42.09
C563_82ee,Overlimit Fee,2025-03-10,11.21
C564_f54e,Annual Fee,2024-02-07,23.13
C564_f54e,Late Fee,2023-07-11,22.75
C565_3f84,Annual Fee,2023-09-13,32.59
C565_3f84,Overlimit Fee,2024-01-18,6.07
C566_60cd,Late Fee,2024-11-22,25.79
C566_60cd,Overlimit Fee,2024-06-21,37.84
C567_8fcb,Overlimit Fee,2024-03-16,46.76
C567_8fcb,Annual Fee,2024-01-28,5.04
C568_4e84,Overlimit Fee,2024-07-07,14.15
C568_4e84,Annual Fee,2023-06-30,17.88
C569_2709,Annual Fee,2025-03-10,25.52
C569_5d46,Annual Fee,2024-01-09,9.7
C569_5d46,Overlimit Fee,2024-07-24,18.29
C571_41ff,Annual Fee,2024-09-27,7.61
C571_41ff,Late Fee,2023-11-05,16.54
C573_7be1,Annual Fee,2024-11-30,16.49
C573_7be1,Overlimit Fee,2023-12-22,16.36
C574_d13d,Overlimit Fee,2023-12-28,22.91
C574_d13d,Overlimit Fee,2024-06-17,6.43
C575_eae1,Late Fee,2023-10-10,22.62
C576_333a,Overlimit Fee,2024-11-08,23.06
C579_edb8,Late Fee,2023-12-14,22.59
C579_edb8,Late Fee,2024-05-22,29.08
C579_edb8,Overlimit Fee,2024-07-01,15.68
C579_a345,Late Fee,2024-05-19,25.86
C580_f760,Annual Fee,2025-03-23,28.94
C580_f760,Late Fee,2024-04-04,8.0
C580_f760,Annual Fee,2023-11-15,22.84
C581_ccbc,Annual Fee,2025-03-03,44.63
C583_55bd,Annual Fee,2023-11-28,27.93
C583_55bd,Late Fee,2025-03-28,18.57
C584_4444,Late Fee,2024-05-03,38.31
C584_4444,Overlimit Fee,2024-12-12,18.47
C585_ee9d,Annual Fee,2024-07-24,28.64
C585_ee9d,Annual Fee,2023-11-25,19.06
C587_7f57,Late Fee,2025-01-09,35.28
C587_7f57,Late Fee,2024-12-27,8.72
C588_97e2,Late Fee,2024-10-09,34.71
C588_97e2,Annual Fee,2024-11-18,26.57
C589_b19b,Annual Fee,2023-09-04,10.57
C589_b19b,Overlimit Fee,2023-08-20,41.22
C590_cc80,Annual Fee,2024-02-29,39.6
C590_cc80,Annual Fee,2024-03-23,9.37
C591_678f,Late Fee,2023-09-25,13.67
C591_678f,Late Fee,2023-07-23,40.16
C591_32ab,Overlimit Fee,2024-05-16,16.69
C592_db90,Annual Fee,2024-06-14,9.22
C593_a881,Annual Fee,2023-07-16,42.92
C593_a881,Overlimit Fee,2024-04-27,48.05
C595_cabf,Late Fee,2023-08-23,35.56
C595_cabf,Overlimit Fee,2024-07-28,28.77
C596_7ada,Late Fee,2024-08-30,9.87
C596_7ada,Late Fee,2024-12-11,35.45
C596_7ada,Annual Fee,2023-10-06,6.81
C598_aaba,Annual Fee,2024-11-26,9.17
C599_69d3,Annual Fee,2024-05-17,46.54
C599_69d3,Annual Fee,2024-07-14,42.01
C599_69d3,Late Fee,2024-08-01,16.62
C600_6dca,Late Fee,2024-06-17,26.13
C600_6dca,Annual Fee,2025-01-30,35.06
C601_f5f2,Late Fee,2023-11-10,11.54
C601_f5f2,Annual Fee,2024-02-25,41.34
C602_eec6,Annual Fee,2025-05-07,19.75
C602_4d01,Overlimit Fee,2023-07-15,19.56
C602_4d01,Annual Fee,2024-11-19,26.41
C602_4d01,Overlimit Fee,2024-10-16,29.1
C604_e71f,Late Fee,2024-12-25,47.25
C604_e71f,Annual Fee,2024-01-18,39.81
C605_6ca1,Late Fee,2024-05-11,31.56
C605_6ca1,Late Fee,2024-08-15,15.8
C605_6ca1,Annual Fee,2024-04-18,25.15
C607_48ef,Annual Fee,2024-08-25,39.34
C608_7ffc,Late Fee,2024-12-10,48.35
C608_7ffc,Overlimit Fee,2025-01-15,27.96
C608_7ffc,Annual Fee,2025-04-24,16.32
C608_7ffc,Overlimit Fee,2025-04-15,11.69
C609_6c00,Annual Fee,2023-09-01,6.45
C609_6c00,Overlimit Fee,2024-01-17,46.84
C609_6c00,Overlimit Fee,2024-08-10,31.13
C609_6c00,Overlimit Fee,2025-03-10,46.15
C611_8e38,Late Fee,2024-08-01,12.45
C611_8e38,Late Fee,2024-03-04,39.75
C611_8e38,Late Fee,2023-10-22,30.56
C611_8e38,Overlimit Fee,2024-05-05,33.1
C611_8e38,Overlimit Fee,2024-11-22,22.07
C612_b664,Late Fee,2023-07-19,45.14
C612_b664,Annual Fee,2025-04-11,31.85
C613_cf4d,Overlimit Fee,2025-05-25,25.05
C613_cf4d,Overlimit Fee,2023-11-11,46.43
C614_8c9e,Overlimit Fee,2024-04-21,21.55
C615_be7c,Late Fee,2024-06-14,8.16
C615_be7c,Annual Fee,2025-06-01,44.64
C616_4ed0,Overlimit Fee,2025-06-10,45.95
C616_4ed0,Overlimit Fee,2024-03-31,41.18
C616_4ed0,Annual Fee,2024-11-14,20.22
C617_2a51,Overlimit Fee,2023-07-31,17.55
C618_ef1a,Annual Fee,2024-05-11,47.99
C618_dc30,Late Fee,2024-08-03,43.41
C619_d866,Annual Fee,2023-11-08,25.27
C619_d866,Late Fee,2023-09-03,44.23
C619_8663,Late Fee,2025-03-24,23.79
C620_ec20,Overlimit Fee,2024-09-26,41.47
C621_88fc,Late Fee,2024-07-05,33.02
C621_88fc,Annual Fee,2023-09-08,20.1
C622_8100,Annual Fee,2024-12-07,33.92
C622_5707,Overlimit Fee,2024-09-19,11.15
C623_788a,Annual Fee,2025-06-22,25.37
C623_788a,Late Fee,2025-03-30,32.8
C624_23a8,Late Fee,2024-07-31,22.01
C625_421f,Late Fee,2025-04-14,23.83
C625_421f,Annual Fee,2024-03-23,28.18
C626_216d,Overlimit Fee,2024-10-07,38.32
C626_216d,Annual Fee,2024-08-27,11.84
C627_5470,Late Fee,2023-07-27,14.49
C628_ad5a,Late Fee,2024-11-20,44.71
C628_ad5a,Annual Fee,2023-11-14,23.18
C628_ad5a,Late Fee,2023-08-18,43.71
C629_ff09,Late Fee,2023-11-22,31.89
C629_ff09,Late Fee,2025-03-06,40.23
C629_ff09,Annual Fee,2024-05-31,46.71
C629_01d1,Overlimit Fee,2024-07-20,17.43
C629_01d1,Overlimit Fee,2024-09-16,18.86
C629_01d1,Annual Fee,2024-11-25,14.29
C629_01d1,Annual Fee,2024-12-10,5.57
C630_36c5,Annual Fee,2025-05-22,26.66
C632_e309,Late Fee,2023-09-07,38.09
C633_34a7,Overlimit Fee,2024-03-26,48.41
C635_732a,Late Fee,2024-07-27,17.69
C635_f9c8,Annual Fee,2024-06-17,49.28
C635_f9c8,Overlimit Fee,2024-07-28,42.71
C636_3816,Late Fee,2024-06-03,43.65
C636_3816,Annual Fee,2025-02-03,10.02
C636_3816,Overlimit Fee,2024-06-06,22.47
C637_9615,Overlimit Fee,2024-11-20,17.54
C639_5b33,Late Fee,2025-03-24,12.46
C639_5b33,Overlimit Fee,2024-12-01,26.15
C640_c245,Annual Fee,2025-01-21,14.91
C640_c245,Annual Fee,2023-08-14,45.93
C641_c317,Late Fee,2023-11-26,27.86
C642_4d6b,Annual Fee,2025-02-05,15.4
C642_4d6b,Late Fee,2024-08-01,44.47
C643_28b6,Annual Fee,2025-02-25,21.16
C644_b687,Overlimit Fee,2023-11-28,26.88
C644_b687,Annual Fee,2024-07-05,34.46
C644_b687,Overlimit Fee,2024-12-07,46.96
C645_b484,Late Fee,2024-02-29,33.84
C647_26b4,Annual Fee,2025-04-14,34.75
C648_e45f,Overlimit Fee,2024-07-04,49.82
C648_e45f,Late Fee,2024-02-25,49.45
C649_94a2,Annual Fee,2024-11-28,34.5
C649_94a2,Annual Fee,2024-08-03,16.8
C650_e6ef,Annual Fee,2023-08-04,38.62
C652_cefa,Annual Fee,2024-07-05,16.02
C653_2d5d,Overlimit Fee,2024-01-20,31.73
C654_361f,Annual Fee,2024-06-19,15.27
C654_361f,Overlimit Fee,2023-09-08,6.9
C654_5b8a,Annual Fee,2024-10-20,35.32
C656_cc0a,Late Fee,2025-03-07,6.86
C656_cc0a,Annual Fee,2025-03-01,46.98
C656_cc0a,Overlimit Fee,2024-11-23,48.58
C656_cc0a,Late Fee,2025-02-03,31.99
C657_23d8,Annual Fee,2024-03-18,27.93
C657_23d8,Overlimit Fee,2025-04-04,32.25
C658_eded,Overlimit Fee,2023-08-16,13.09
C659_c3c0,Late Fee,2025-02-11,9.2
C659_c069,Overlimit Fee,2023-11-12,11.16
C659_c069,Overlimit Fee,2024-12-29,39.88
C659_c069,Overlimit Fee,2025-03-08,15.63
C661_a90a,Late Fee,2025-01-31,42.45
C661_a90a,Late Fee,2023-12-19,19.11
C662_f963,Overlimit Fee,2024-06-17,38.57
C662_f963,Overlimit Fee,2024-12-14,41.04
C664_9f7b,Overlimit Fee,2024-05-12,18.11
C664_9f7b,Annual Fee,2025-01-30,48.9
C666_1c14,Overlimit Fee,2024-08-17,35.93
C667_8748,Annual Fee,2024-09-09,17.32
C667_8748,Annual Fee,2024-04-15,10.94
C667_bcc0,Annual Fee,2023-09-18,45.02
C667_bcc0,Overlimit Fee,2024-05-03,37.59
C667_bcc0,Overlimit Fee,2025-01-18,48.64
C667_bcc0,Annual Fee,2024-06-20,39.76
C668_9bb3,Annual Fee,2024-01-09,18.18
C668_9bb3,Overlimit Fee,2024-12-13,38.3
C668_fde6,Late Fee,2025-06-15,34.98
C668_fde6,Overlimit Fee,2025-04-16,33.56
C668_fde6,Overlimit Fee,2025-05-16,31.8
C670_ce5e,Late Fee,2023-12-18,37.53
C670_ce5e,Overlimit Fee,2023-09-13,37.28
C670_ce5e,Annual Fee,2023-07-07,17.94
C670_ce5e,Annual Fee,2024-10-29,20.58
C671_d98e,Overlimit Fee,2024-12-11,45.87
C671_d98e,Annual Fee,2025-03-01,10.8
C673_4fd4,Annual Fee,2023-11-17,19.25
C674_0c44,Annual Fee,2025-06-25,8.73
C674_0c44,Annual Fee,2024-08-06,49.46
C675_c8e8,Overlimit Fee,2023-07-16,23.2
C675_c8e8,Overlimit Fee,2023-07-22,15.77
C676_a640,Overlimit Fee,2025-01-27,46.84
C679_337f,Annual Fee,2024-09-23,16.55
C679_337f,Overlimit Fee,2024-04-15,33.71
C679_337f,Overlimit Fee,2025-02-08,9.87
C680_ee62,Overlimit Fee,2024-06-08,23.94
C680_ee62,Overlimit Fee,2023-08-03,36.64
C681_4b7b,Late Fee,2023-07-24,23.0
C681_4b7b,Annual Fee,2023-11-23,30.27
C683_5503,Overlimit Fee,2024-11-24,39.87
C683_5503,Annual Fee,2023-12-28,42.16
C683_5503,Late Fee,2024-02-02,44.08
C683_5503,Annual Fee,2024-07-11,44.04
C685_6db6,Annual Fee,2025-04-04,25.8
C686_7a31,Annual Fee,2023-10-24,41.06
C687_9fe1,Annual Fee,2023-11-16,46.62
C687_9fe1,Overlimit Fee,2023-07-23,11.23
C689_7b34,Late Fee,2024-09-27,7.2
C690_1dc1,Overlimit Fee,2024-12-27,49.86
C690_1dc1,Annual Fee,2024-08-27,38.28
C692_182f,Late Fee,2024-09-16,11.65
C693_a566,Overlimit Fee,2024-07-03,20.52
C693_a566,Late Fee,2024-07-13,26.74
C694_606d,Annual Fee,2024-10-04,22.52
C695_e414,Late Fee,2023-09-18,7.21
C696_c374,Annual Fee,2023-07-11,32.45
C697_186f,Late Fee,2023-07-12,36.67
C697_186f,Annual Fee,2025-04-19,31.37
C697_186f,Overlimit Fee,2023-11-24,6.88
C697_1875,Overlimit Fee,2023-10-30,10.03
C698_2d8c,Overlimit Fee,2025-05-14,37.74
C698_2d8c,Late Fee,2024-12-13,28.04
C699_531d,Late Fee,2023-09-25,39.94
C701_6574,Annual Fee,2025-05-17,28.02
C702_6f69,Overlimit Fee,2025-05-11,36.76
C703_6d6f,Late Fee,2024-04-18,16.05
C703_6d6f,Overlimit Fee,2024-08-05,36.72
C703_6d6f,Late Fee,2024-05-19,36.57
C704_9ba7,Annual Fee,2023-12-26,30.72
C704_df0b,Late Fee,2023-10-09,30.97
C704_df0b,Late Fee,2023-11-25,42.48
C704_df0b,Overlimit Fee,2024-01-14,29.57
C704_df0b,Late Fee,2024-01-30,14.57
C705_fa67,Late Fee,2023-11-21,32.16
C705_fa67,Annual Fee,2024-01-06,37.32
C705_754c,Late Fee,2024-04-08,47.95
C705_754c,Late Fee,2024-09-04,45.35
C706_a022,Late Fee,2024-10-01,26.31
C707_8ecc,Annual Fee,2025-06-19,26.22
C707_8ecc,Annual Fee,2024-02-25,32.22
C707_7444,Annual Fee,2024-02-08,28.41
C710_cfa2,Annual Fee,2023-10-24,36.58
C711_7d3c,Late Fee,2025-01-16,16.22
C711_7d3c,Annual Fee,2024-09-30,38.02
C711_7d3c,Late Fee,2024-01-13,41.18
C711_7d3c,Annual Fee,2024-05-18,49.78
C711_7d3c,Overlimit Fee,2024-05-28,49.95
C712_e849,Overlimit Fee,2024-11-15,40.88
C712_e849,Late Fee,2025-04-03,40.48
C713_4c78,Overlimit Fee,2023-12-06,13.52
C714_cfc7,Late Fee,2025-01-03,32.9
C714_cfc7,Overlimit Fee,2023-07-19,12.64
C714_cfc7,Annual Fee,2024-12-25,41.23
C715_c1c3,Annual Fee,2025-01-31,44.34
C716_e847,Overlimit Fee,2025-05-29,38.5
C716_e847,Late Fee,2024-05-24,16.65
C718_2b24,Annual Fee,2023-12-17,27.83
C718_2b24,Annual Fee,2024-05-23,5.01
C718_33c4,Overlimit Fee,2024-02-17,43.79
C719_f863,Overlimit Fee,2024-05-03,39.3
C719_f863,Late Fee,2025-01-27,10.91
C720_604f,Overlimit Fee,2023-11-01,29.46
C722_f86f,Annual Fee,2023-10-02,17.36
C722_6ef9,Annual Fee,2024-05-07,32.06
C722_6ef9,Annual Fee,2025-05-17,33.05
C722_6ef9,Overlimit Fee,2025-06-14,39.46
C724_9898,Late Fee,2025-04-22,10.07
C724_9898,Late Fee,2024-12-28,12.86
C725_dad1,Annual Fee,2023-10-02,5.16
C725_900e,Annual Fee,2024-03-20,20.92
C725_900e,Late Fee,2024-12-21,9.54
C726_2d53,Late Fee,2025-03-28,19.29
C726_2d53,Overlimit Fee,2024-01-05,30.58
C726_f26b,Overlimit Fee,2024-11-19,7.63
C726_f26b,Annual Fee,2023-10-15,11.03
C727_2783,Overlimit Fee,2024-10-22,24.19
C727_2783,Annual Fee,2025-05-20,35.31
C727_ffa8,Overlimit Fee,2023-09-13,24.96
C727_ffa8,Late Fee,2024-08-03,35.06
C727_ffa8,Annual Fee,2025-01-31,33.28
C729_63ec,Late Fee,2025-05-02,30.45
C729_63ec,Late Fee,2024-05-21,24.45
C729_63ec,Overlimit Fee,2024-03-30,24.33
C730_91c7,Overlimit Fee,2025-05-08,49.05
C730_91c7,Annual Fee,2023-10-19,41.32
C731_52f2,Annual Fee,2024-10-17,34.14
C732_9b97,Overlimit Fee,2024-01-30,31.23
C733_e56a,Annual Fee,2024-05-20,7.17
C733_e56a,Overlimit Fee,2025-05-09,17.2
C734_c6b2,Overlimit Fee,2024-08-04,33.21
C735_7e5c,Overlimit Fee,2023-12-28,37.88
C737_a896,Late Fee,2023-10-01,37.85
C738_bd9a,Annual Fee,2024-10-24,11.63
C738_bd9a,Overlimit Fee,2025-01-25,22.31
C738_bd9a,Overlimit Fee,2025-05-14,17.6
C738_bd9a,Overlimit Fee,2023-07-02,24.99
C740_e23b,Annual Fee,2024-11-05,32.36
C740_e23b,Annual Fee,2024-09-06,49.87
C742_f685,Late Fee,2024-02-22,27.92
C742_f685,Late Fee,2024-04-04,30.79
C743_d219,Late Fee,2024-02-19,48.05
C743_d219,Late Fee,2024-05-09,39.64
C744_5a23,Late Fee,2024-08-23,8.21
C744_5a23,Overlimit Fee,2023-12-01,14.95
C746_d224,Overlimit Fee,2024-11-22,15.29
C746_d224,Overlimit Fee,2024-12-29,21.79
C747_d00f,Late Fee,2023-09-16,17.1
C747_d00f,Late Fee,2023-07-11,28.35
C748_744d,Annual Fee,2025-05-07,23.31
C748_744d,Annual Fee,2024-02-15,45.44
C749_0381,Overlimit Fee,2024-08-16,44.27
C749_0381,Annual Fee,2025-04-03,8.66
C749_0381,Overlimit Fee,2024-01-15,14.9
C750_384a,Overlimit Fee,2024-12-08,33.88
C750_384a,Overlimit Fee,2024-07-19,17.93
C751_0a77,Overlimit Fee,2023-07-20,28.86
C752_2bd1,Overlimit Fee,2025-05-31,45.64
C754_838e,Late Fee,2023-10-12,46.83
C755_0841,Overlimit Fee,2024-08-13,27.09
C755_0841,Overlimit Fee,2024-09-12,31.72
C756_a158,Overlimit Fee,2025-05-23,28.33
C756_569a,Late Fee,2024-12-06,40.03
C756_569a,Late Fee,2023-08-06,46.31
C756_569a,Annual Fee,2024-07-06,30.2
C756_569a,Late Fee,2024-06-04,12.59
C758_4b2d,Late Fee,2025-01-09,38.95
C758_4b2d,Late Fee,2025-03-16,8.09
C758_4b2d,Overlimit Fee,2025-06-16,19.89
C758_4b2d,Overlimit Fee,2025-02-08,30.41
C758_cb57,Late Fee,2025-02-12,21.14
C758_cb57,Overlimit Fee,2023-12-06,25.52
C759_6a43,Overlimit Fee,2025-05-14,32.56
C759_6a43,Overlimit Fee,2023-11-04,28.31
C762_c90f,Late Fee,2024-05-27,10.79
C763_20f4,Annual Fee,2023-12-14,32.74
C763_20f4,Late Fee,2023-09-18,15.45
C763_20f4,Late Fee,2024-06-30,41.87
C764_9f78,Overlimit Fee,2024-05-20,47.89
C764_9f78,Overlimit Fee,2024-05-25,34.13
C764_9f78,Overlimit Fee,2023-08-12,28.08
C765_9de8,Annual Fee,2023-09-24,11.46
C765_9de8,Overlimit Fee,2024-12-30,5.56
C765_664a,Annual Fee,2024-02-15,24.49
C766_1407,Overlimit Fee,2024-09-14,36.24
C766_1407,Late Fee,2025-03-01,24.06
C766_1407,Late Fee,2023-08-30,14.37
C766_1407,Overlimit Fee,2024-11-17,26.86
C766_1407,Overlimit Fee,2023-10-22,25.66
C766_1407,Late Fee,2023-07-03,10.18
C767_2a4b,Annual Fee,2023-11-18,28.55
C767_2a4b,Overlimit Fee,2023-10-22,19.13
C768_2196,Annual Fee,2024-05-28,35.01
C769_8be6,Annual Fee,2024-12-18,24.85
C769_8be6,Annual Fee,2024-10-17,44.22
C769_8be6,Late Fee,2024-03-25,21.29
C770_3756,Overlimit Fee,2025-03-25,35.9
C771_c78e,Overlimit Fee,2023-09-14,45.36
C771_c78e,Late Fee,2024-07-21,39.51
C771_c78e,Overlimit Fee,2024-01-25,49.76
C771_c78e,Annual Fee,2023-07-19,11.28
C772_0f5a,Annual Fee,2024-07-14,9.51
C772_0f5a,Overlimit Fee,2023-10-23,44.15
C772_0f5a,Overlimit Fee,2025-02-18,15.21
C772_0f5a,Annual Fee,2024-05-12,13.22
C773_5654,Overlimit Fee,2024-11-26,26.39
C773_7df8,Annual Fee,2024-11-25,14.07
C773_7df8,Late Fee,2025-03-06,34.15
C773_7df8,Annual Fee,2024-11-19,20.15
C774_fee2,Late Fee,2024-12-27,43.05
C776_3dbe,Annual Fee,2025-01-06,45.54
C776_3dbe,Annual Fee,2024-11-03,32.91
C776_1f26,Late Fee,2024-11-11,39.78
C776_1f26,Annual Fee,2024-04-03,31.46
C777_2b3c,Annual Fee,2023-09-12,21.2
C777_2b3c,Annual Fee,2023-06-30,35.5
C777_2b3c,Annual Fee,2024-01-20,9.72
C777_2b3c,Overlimit Fee,2024-08-29,22.62
C777_e096,Late Fee,2024-07-20,34.77
C777_e096,Overlimit Fee,2025-05-11,22.72
C778_6f08,Late Fee,2024-03-16,14.01
C779_3374,Overlimit Fee,2024-04-02,44.52
C779_3374,Overlimit Fee,2024-07-02,19.59
C779_3374,Overlimit Fee,2024-05-29,41.97
C781_ac91,Annual Fee,2024-07-26,35.59
C782_cc29,Overlimit Fee,2024-06-14,8.36
C782_cc29,Annual Fee,2024-12-02,38.32
C785_13e3,Late Fee,2023-07-28,23.28
C786_6d2d,Overlimit Fee,2025-03-23,16.62
C786_6d2d,Overlimit Fee,2025-04-03,6.62
C786_e3a2,Late Fee,2024-02-29,36.68
C786_e3a2,Overlimit Fee,2024-10-17,34.38
C786_e3a2,Annual Fee,2024-06-21,25.53
C786_e3a2,Overlimit Fee,2025-04-09,49.53
C787_76ad,Annual Fee,2024-09-13,41.73
C787_76ad,Overlimit Fee,2024-02-29,37.44
C787_76ad,Late Fee,2025-01-03,26.26
C788_51a2,Overlimit Fee,2024-07-16,17.91
C788_51a2,Late Fee,2025-04-02,42.25
C788_51a2,Late Fee,2024-02-25,12.02
C789_0bae,Late Fee,2024-11-07,42.92
C790_76ad,Late Fee,2024-01-24,49.57
C791_de6f,Annual Fee,2023-12-15,10.49
C793_07f8,Annual Fee,2024-12-28,33.89
C793_07f8,Annual Fee,2025-03-28,17.19
C793_07f8,Annual Fee,2023-09-28,32.94
C794_e31b,Annual Fee,2025-04-29,30.71
C795_1bbf,Overlimit Fee,2025-03-19,20.5
C796_4bc3,Late Fee,2023-07-10,26.72
C796_6e9c,Overlimit Fee,2025-03-06,35.56
C797_e148,Late Fee,2024-09-15,19.44
C798_c2c4,Overlimit Fee,2023-07-27,25.28
C800_1a29,Annual Fee,2024-08-14,41.6
C800_1a29,Overlimit Fee,2024-11-24,35.28
C800_1a29,Late Fee,2024-02-18,14.55
C801_bc78,Late Fee,2024-01-15,48.38
C802_ec1c,Overlimit Fee,2023-08-25,23.56
C803_9dc2,Overlimit Fee,2023-10-01,11.82
C804_ecd2,Annual Fee,2024-10-18,23.13
C804_ecd2,Annual Fee,2025-03-04,15.96
C805_570e,Late Fee,2024-09-27,47.58
C805_570e,Annual Fee,2025-01-02,8.72
C807_cc89,Late Fee,2023-07-30,8.76
C807_cc89,Annual Fee,2023-12-21,29.6
C808_7072,Late Fee,2024-06-12,31.35
C808_7072,Annual Fee,2024-04-26,18.48
C808_7072,Annual Fee,2025-01-07,23.7
C808_7072,Overlimit Fee,2023-11-14,17.26
C808_4114,Late Fee,2024-07-04,41.01
C808_4114,Late Fee,2023-07-08,11.26
C810_5cae,Annual Fee,2024-11-05,42.19
C810_5cae,Late Fee,2025-01-05,20.52
C810_5cae,Late Fee,2024-02-28,14.39
C811_600c,Late Fee,2023-09-07,40.01
C811_600c,Annual Fee,2024-03-09,48.76
C813_1e6a,Annual Fee,2024-12-01,18.84
C813_1e6a,Late Fee,2024-09-24,37.76
C813_1e6a,Annual Fee,2024-05-01,18.46
C813_1e6a,Annual Fee,2024-09-17,27.94
C813_1e6a,Overlimit Fee,2024-01-21,46.15
C813_1e6a,Annual Fee,2025-05-25,44.14
C813_1e6a,Annual Fee,2024-08-13,47.67
C815_8e6b,Overlimit Fee,2025-01-28,47.95
C815_8e6b,Annual Fee,2024-02-02,35.88
C815_8e6b,Annual Fee,2024-08-01,20.63
C815_8e6b,Late Fee,2024-06-27,43.0
C816_a7b0,Overlimit Fee,2024-10-17,11.53
C816_a7b0,Annual Fee,2025-03-31,37.48
C816_a7b0,Late Fee,2024-05-24,31.18
C816_1536,Overlimit Fee,2024-03-21,17.33
C817_a4ed,Late Fee,2025-03-15,33.17
C817_a4ed,Late Fee,2025-05-26,33.63
C817_a4ed,Overlimit Fee,2023-11-25,26.69
C818_e9a2,Overlimit Fee,2025-06-23,44.88
C819_00ac,Overlimit Fee,2023-12-01,39.67
C820_e922,Annual Fee,2024-11-30,32.93
C820_e922,Overlimit Fee,2024-01-21,46.18
C821_0de6,Annual Fee,2024-11-19,33.02
C822_415f,Late Fee,2024-11-06,39.1
C823_bc85,Annual Fee,2024-05-06,21.88
C823_c4fc,Overlimit Fee,2023-09-30,45.65
C823_c4fc,Late Fee,2023-12-23,45.19
C824_817d,Overlimit Fee,2025-06-27,11.4
C825_3683,Overlimit Fee,2025-03-02,32.45
C826_b9fd,Annual Fee,2025-06-14,47.72
C826_b9fd,Annual Fee,2024-06-13,38.51
C827_653d,Annual Fee,2024-08-05,41.71
C827_653d,Overlimit Fee,2023-10-17,18.42
C827_a2cb,Annual Fee,2024-10-08,40.9
C827_a2cb,Overlimit Fee,2023-10-15,31.4
C830_9846,Overlimit Fee,2024-12-01,12.89
C830_9846,Overlimit Fee,2025-04-18,17.4
C833_1ef8,Overlimit Fee,2025-03-28,36.73
C833_1ef8,Overlimit Fee,2023-12-11,25.54
C834_1a6e,Late Fee,2024-08-09,17.34
C834_1a6e,Annual Fee,2023-11-05,17.45
C834_1a6e,Overlimit Fee,2024-08-26,49.82
C835_b020,Annual Fee,2024-07-15,27.62
C835_b020,Late Fee,2023-08-21,10.98
C835_b020,Late Fee,2024-03-06,7.31
C835_b020,Annual Fee,2023-08-27,10.03
C835_b020,Annual Fee,2025-04-24,24.77
C836_5744,Annual Fee,2024-11-15,42.98
C836_5744,Late Fee,2025-02-08,21.66
C836_f719,Late Fee,2024-05-11,25.73
C837_8ea7,Late Fee,2025-01-01,49.43
C837_8ea7,Late Fee,2024-06-23,34.74
C837_8ea7,Annual Fee,2024-02-01,34.6
C837_0148,Overlimit Fee,2025-02-09,13.1
C838_766c,Overlimit Fee,2024-03-28,5.45
C840_db76,Late Fee,2025-04-04,31.01
C840_db76,Late Fee,2023-07-30,43.39
C840_db76,Annual Fee,2024-04-26,18.77
C840_db76,Annual Fee,2024-10-17,23.36
C841_9a79,Overlimit Fee,2025-04-04,36.28
C842_c69a,Late Fee,2025-01-11,32.18
C842_c69a,Late Fee,2025-02-07,42.76
C843_1756,Overlimit Fee,2024-12-29,46.61
C843_1756,Overlimit Fee,2023-09-10,49.38
C843_1756,Overlimit Fee,2023-12-19,5.92
C845_af5c,Late Fee,2024-03-30,11.07
C845_af5c,Annual Fee,2023-09-26,31.2
C845_af5c,Annual Fee,2024-03-16,11.95
C847_180f,Annual Fee,2024-10-06,15.86
C847_180f,Late Fee,2023-11-04,18.17
C847_2c27,Annual Fee,2023-09-26,18.21
C849_ab98,Late Fee,2024-08-31,33.85
C849_ab98,Overlimit Fee,2023-10-02,5.91
C849_ab98,Overlimit Fee,2023-09-19,26.11
C850_e223,Annual Fee,2024-10-04,43.76
C850_e223,Late Fee,2023-07-26,21.16
C851_4d86,Late Fee,2024-12-12,42.82
C851_4d86,Overlimit Fee,2024-03-14,17.28
C851_4d86,Late Fee,2023-12-21,13.38
C851_4d86,Annual Fee,2024-01-26,14.15
C852_9ecb,Annual Fee,2024-07-17,41.36
C852_9ecb,Overlimit Fee,2025-05-08,44.48
C852_9ecb,Overlimit Fee,2024-11-26,41.6
C852_9ecb,Overlimit Fee,2023-09-15,24.31
C853_595a,Overlimit Fee,2023-10-20,30.71
C853_595a,Late Fee,2025-02-19,22.07
C853_595a,Annual Fee,2025-04-21,33.71
C854_9f51,Overlimit Fee,2024-01-16,25.99
C854_9f51,Annual Fee,2024-01-08,44.09
C854_4b69,Annual Fee,2023-08-08,29.15
C855_2863,Late Fee,2024-02-22,9.03
C857_60fc,Annual Fee,2023-08-28,39.47
C857_60fc,Annual Fee,2024-12-03,44.64
C858_033f,Overlimit Fee,2023-07-20,37.1
C859_b253,Overlimit Fee,2023-12-20,10.23
C859_b253,Overlimit Fee,2024-11-19,15.43
C859_b253,Late Fee,2023-11-08,15.04
C859_b253,Annual Fee,2024-10-28,30.15
C859_c497,Late Fee,2023-08-30,22.75
C859_c497,Overlimit Fee,2024-01-29,10.63
C860_1acd,Annual Fee,2024-06-21,43.39
C860_6c50,Late Fee,2024-11-21,18.04
C861_94bd,Overlimit Fee,2024-05-14,33.5
C862_7b4b,Annual Fee,2024-10-02,48.79
C862_7b4b,Late Fee,2024-03-04,45.86
C863_3b3e,Overlimit Fee,2024-09-10,16.6
C864_7134,Annual Fee,2025-02-01,29.45
C865_d157,Annual Fee,2025-01-11,34.35
C865_d157,Overlimit Fee,2024-05-16,34.42
C865_d157,Annual Fee,2025-05-07,49.82
C865_d157,Annual Fee,2024-04-06,23.36
C866_f8b8,Late Fee,2025-06-14,23.9
C866_f8b8,Overlimit Fee,2023-08-27,15.2
C868_89f0,Annual Fee,2023-12-20,36.24
C869_3db1,Annual Fee,2024-02-18,13.7
C869_3db1,Late Fee,2025-02-14,29.9
C869_3db1,Overlimit Fee,2025-03-22,37.46
C870_6efa,Overlimit Fee,2023-11-28,7.47
C870_6efa,Annual Fee,2023-08-01,35.87
C871_09d2,Late Fee,2025-03-19,30.27
C871_09d2,Overlimit Fee,2024-06-14,37.37
C873_641c,Overlimit Fee,2025-03-11,14.81
C873_641c,Overlimit Fee,2025-04-11,28.97
C877_26ad,Overlimit Fee,2023-09-18,39.96
C877_26ad,Late Fee,2023-08-06,39.31
C878_04cb,Late Fee,2025-05-14,42.65
C878_04cb,Overlimit Fee,2023-08-24,42.57
C878_04cb,Annual Fee,2023-10-23,17.82
C879_9041,Overlimit Fee,2023-12-21,37.62
C880_028f,Annual Fee,2024-02-08,49.02
C880_028f,Late Fee,2024-01-08,45.57
C881_57a4,Overlimit Fee,2025-05-30,13.44
C881_57a4,Overlimit Fee,2023-12-17,43.29
C881_57a4,Annual Fee,2023-07-20,29.14
C881_57a4,Late Fee,2024-07-06,11.46
C882_af71,Overlimit Fee,2023-12-27,13.31
C882_af71,Overlimit Fee,2025-02-09,23.41
C882_af71,Overlimit Fee,2024-11-25,14.86
C883_4097,Annual Fee,2023-11-21,17.74
C884_c8a8,Annual Fee,2024-07-17,25.36
C885_4162,Overlimit Fee,2025-06-04,32.01
C885_4162,Overlimit Fee,2025-05-19,20.19
C885_4162,Annual Fee,2024-01-13,43.33
C886_651b,Late Fee,2025-05-30,49.59
C886_651b,Annual Fee,2024-01-23,47.78
C886_651b,Annual Fee,2024-07-20,10.65
C886_651b,Overlimit Fee,2025-01-19,18.39
C887_2653,Overlimit Fee,2024-09-20,19.26
C888_560e,Overlimit Fee,2024-05-26,35.63
C889_cbee,Overlimit Fee,2024-01-01,38.34
C889_cbee,Annual Fee,2025-03-21,49.77
C890_5a11,Annual Fee,2024-08-31,7.46
C890_5a11,Overlimit Fee,2025-04-12,28.2
C890_5a11,Overlimit Fee,2024-10-25,23.0
C891_3321,Annual Fee,2025-06-28,36.83
C892_9837,Late Fee,2023-08-24,45.25
C893_b409,Late Fee,2024-09-15,41.68
C895_eb0e,Annual Fee,2023-07-28,12.83
C896_9ff6,Late Fee,2023-06-30,38.41
C897_b5e5,Overlimit Fee,2025-05-30,12.95
C899_673c,Annual Fee,2024-12-23,31.47
C900_2ad7,Late Fee,2024-09-13,6.88
C901_7303,Late Fee,2024-10-04,42.41
C902_3a51,Late Fee,2023-08-04,46.68
C902_3a51,Late Fee,2023-11-04,48.51
C903_e79c,Late Fee,2025-01-07,38.49
C903_e79c,Late Fee,2025-04-13,9.75
C903_e79c,Annual Fee,2024-04-08,22.36
C904_4ff0,Overlimit Fee,2023-11-15,32.78
C904_4ff0,Late Fee,2024-03-28,25.26
C905_03f9,Annual Fee,2024-02-04,35.58
C907_da1c,Overlimit Fee,2024-04-28,35.08
C907_da1c,Late Fee,2024-05-01,42.82
C908_b8f6,Annual Fee,2024-02-02,26.71
C909_c557,Annual Fee,2024-02-11,47.33
C909_c557,Late Fee,2023-09-18,15.66
C909_c557,Late Fee,2024-09-21,26.08
C911_d2c4,Annual Fee,2024-07-07,39.33
C911_2292,Annual Fee,2025-01-07,42.16
C913_247b,Late Fee,2025-01-05,23.23
C913_247b,Annual Fee,2024-10-23,39.07
C914_65ad,Overlimit Fee,2024-12-01,18.06
C914_65ad,Late Fee,2025-03-21,42.49
C915_c330,Annual Fee,2024-08-05,16.07
C916_d4e3,Late Fee,2025-05-18,10.22
C918_29bf,Late Fee,2024-05-29,29.28
C918_29bf,Overlimit Fee,2025-04-12,23.43
C919_2160,Late Fee,2023-11-26,14.22
C919_2160,Overlimit Fee,2025-02-01,23.39
C920_93b2,Overlimit Fee,2023-10-03,10.35
C920_93b2,Overlimit Fee,2023-07-10,8.39
C920_93b2,Annual Fee,2024-01-01,12.94
C921_ff7b,Annual Fee,2025-01-03,15.19
C921_ff7b,Overlimit Fee,2025-05-07,42.14
C921_2f8b,Late Fee,2024-10-31,22.39
C922_d5f4,Overlimit Fee,2024-09-02,38.9
C922_d5f4,Late Fee,2025-03-31,20.66
C923_5597,Overlimit Fee,2025-01-04,49.63
C923_5597,Annual Fee,2024-03-04,39.19
C924_d9c1,Overlimit Fee,2023-07-29,41.99
C924_d9c1,Late Fee,2024-12-22,26.08
C924_d9c1,Annual Fee,2025-03-25,46.05
C925_8eb0,Late Fee,2025-02-23,14.29
C925_8eb0,Overlimit Fee,2023-12-04,43.77
C926_6c95,Overlimit Fee,2023-11-11,14.76
C926_6c95,Late Fee,2025-06-09,19.24
C927_ab5e,Late Fee,2024-04-24,33.43
C927_ab5e,Annual Fee,2024-12-28,30.41
C928_6cdd,Overlimit Fee,2024-11-13,9.65
C928_6cdd,Annual Fee,2025-06-25,12.18
C928_6cdd,Annual Fee,2024-10-11,36.03
C928_6cdd,Annual Fee,2025-06-24,27.52
C930_5805,Annual Fee,2023-09-05,31.19
C930_5805,Overlimit Fee,2024-09-19,9.23
C930_5805,Annual Fee,2025-02-06,21.96
C930_5805,Annual Fee,2024-04-11,47.27
C930_62ef,Annual Fee,2024-10-23,38.95
C930_62ef,Annual Fee,2024-07-07,10.3
C931_cf77,Overlimit Fee,2023-11-28,35.55
C933_b699,Overlimit Fee,2024-02-12,25.43
C933_b699,Overlimit Fee,2024-10-22,30.32
C933_b699,Annual Fee,2024-05-14,32.46
C934_316b,Overlimit Fee,2024-09-11,19.4
C934_316b,Overlimit Fee,2024-07-12,37.43
C935_6706,Overlimit Fee,2025-01-11,10.37
C935_1540,Annual Fee,2023-12-21,5.9
C936_e15b,Late Fee,2024-03-06,23.44
C937_1da8,Late Fee,2025-03-23,25.99
C938_1a63,Overlimit Fee,2024-05-19,12.68
C938_1a63,Overlimit Fee,2024-05-16,18.33
C938_1a63,Annual Fee,2025-01-28,15.0
C938_1a63,Annual Fee,2024-03-25,12.51
C939_a842,Overlimit Fee,2023-08-19,27.22
C940_627a,Overlimit Fee,2024-10-02,29.31
C941_02eb,Annual Fee,2025-06-21,33.44
C943_cfe1,Overlimit Fee,2025-04-24,21.88
C944_dd28,Overlimit Fee,2024-11-10,36.73
C944_dd28,Annual Fee,2024-06-22,42.74
C945_3bc4,Annual Fee,2025-03-05,40.82
C946_0d18,Late Fee,2025-01-02,14.72
C946_0d18,Overlimit Fee,2023-09-24,48.0
C947_43f2,Late Fee,2024-11-21,48.91
C948_0995,Late Fee,2024-02-10,38.32
C948_0995,Overlimit Fee,2024-04-09,46.85
C949_9f1b,Late Fee,2025-04-04,44.19
C950_3d93,Overlimit Fee,2023-07-14,21.93
C951_531d,Overlimit Fee,2023-08-01,18.32
C951_531d,Annual Fee,2024-02-11,20.3
C952_8c0f,Annual Fee,2024-01-09,27.93
C953_3f5c,Overlimit Fee,2023-07-21,34.71
C954_551a,Annual Fee,2024-02-08,20.9
C954_72fd,Late Fee,2023-07-14,37.74
C954_72fd,Overlimit Fee,2024-06-25,46.86
C954_72fd,Annual Fee,2023-11-17,41.83
C955_79da,Late Fee,2024-07-23,13.42
C955_ce0d,Overlimit Fee,2024-07-09,27.14
C956_36c8,Annual Fee,2024-11-20,16.27
C956_36c8,Annual Fee,2025-03-23,49.81
C957_431c,Annual Fee,2024-11-19,11.51
C958_98b8,Overlimit Fee,2025-04-03,30.38
C958_3c02,Overlimit Fee,2024-03-17,11.84
C958_3c02,Late Fee,2024-01-11,38.77
C958_3c02,Annual Fee,2024-06-08,33.14
C958_3c02,Overlimit Fee,2023-12-30,27.22
C959_46ca,Annual Fee,2025-01-30,7.55
C960_f817,Overlimit Fee,2024-01-31,24.9
C960_f817,Annual Fee,2023-07-18,41.35
C961_944e,Late Fee,2025-02-15,5.22
C962_08f2,Annual Fee,2024-04-22,28.07
C962_08f2,Late Fee,2023-09-27,17.9
C962_08f2,Annual Fee,2024-03-31,25.71
C963_0679,Late Fee,2023-08-25,49.02
C965_6831,Annual Fee,2025-04-16,35.61
C966_06b9,Overlimit Fee,2024-04-17,9.86
C966_06b9,Late Fee,2024-03-15,20.18
C968_0ffe,Annual Fee,2024-09-20,5.49
C968_0ffe,Late Fee,2025-03-06,26.22
C969_c3d0,Annual Fee,2025-05-15,35.61
C969_c3d0,Annual Fee,2024-07-20,47.71
C970_df11,Annual Fee,2025-04-22,46.31
C970_df11,Annual Fee,2024-03-14,29.0
C970_df11,Late Fee,2025-02-16,26.49
C970_df11,Overlimit Fee,2024-10-31,45.34
C970_a161,Overlimit Fee,2024-05-28,23.15
C970_a161,Annual Fee,2023-10-24,40.6
C970_a161,Late Fee,2024-07-16,12.62
C970_a161,Overlimit Fee,2023-12-24,46.99
C971_8a68,Late Fee,2025-06-17,44.18
C972_6970,Late Fee,2025-06-17,22.16
C973_1f20,Annual Fee,2023-07-09,44.29
C974_85a5,Annual Fee,2023-08-21,15.75
C974_85a5,Annual Fee,2025-03-09,6.53
C976_ef28,Late Fee,2024-05-08,12.48
C978_cfed,Late Fee,2024-10-31,46.63
C979_fec2,Late Fee,2025-03-24,29.87
C981_e077,Annual Fee,2024-05-14,42.14
C981_e077,Late Fee,2023-11-16,24.91
C982_aa8c,Overlimit Fee,2024-01-02,48.4
C984_8870,Overlimit Fee,2024-05-25,31.83
C985_ecba,Overlimit Fee,2025-06-10,17.81
C985_ecba,Overlimit Fee,2023-10-06,30.2
C986_6f31,Overlimit Fee,2024-11-15,16.37
C987_5280,Late Fee,2023-08-21,49.51
C989_1a00,Annual Fee,2023-10-02,22.77
C989_1a00,Late Fee,2023-08-16,11.59
C989_1a00,Late Fee,2025-01-07,40.09
C989_1a00,Late Fee,2024-03-12,8.97
C989_29f1,Late Fee,2024-10-02,14.05
C990_76fe,Overlimit Fee,2024-03-06,31.98
C990_76fe,Annual Fee,2024-06-04,41.5
C991_5d53,Late Fee,2025-02-11,44.81
C993_fc22,Late Fee,2024-07-19,43.67
C993_fc22,Overlimit Fee,2025-04-01,37.45
C994_862a,Annual Fee,2024-04-01,34.84
C995_649e,Overlimit Fee,2023-10-07,5.03
C996_c966,Annual Fee,2024-04-17,10.2
C996_c966,Annual Fee,2023-11-09,37.6
C997_e524,Late Fee,2023-08-19,19.33
C998_0a66,Annual Fee,2024-07-12,37.67
C999_f3c0,Overlimit Fee,2023-06-29,18.37
C999_f3c0,Overlimit Fee,2023-11-23,7.73
C999_f3c0,Late Fee,2023-08-16,40.51
C1000_1611,Annual Fee,2023-10-21,21.12
